common_name,scientific_name,img_link,href,order,family,subfamily,colour,size_in_cms,size_string
Grey-breasted Prinia,Prinia hodgsonii,http://www.birding.in/images/Birds/rajiv/gbprinia_s.jpg,http://www.birding.in/birds/Passeriformes/Cisticolidae/grey-breasted_prinia.htm,Passeriformes,Cisticolidae,,,11,tiny
Wallcreeper,Tichodroma muraria,http://www.birding.in/images/Birds/rajiv/wallcreeper_s.jpg,http://www.birding.in/birds/Passeriformes/Sittidae/wallcreeper.htm,Passeriformes,Sittidae,,,16,small
Black-rumped Flameback,Dinopium benghalense,http://www.birding.in/images/Birds/rajiv/brflameback_s.jpg,http://www.birding.in/birds/Piciformes/Picidae/black-rumped_flameback.htm,Piciformes,Picidae,,,28,medium
Pheasant-tailed Jacana,Hydrophasianus chirurgus,http://www.birding.in/images/Birds/rajiv/jacana_s.jpg,http://www.birding.in/birds/Charadriiformes/Jacanidae/pheasant-tailed_jacana.htm,Charadriiformes,Jacanidae,,,30,medium
Great Thick-knee,Burhinus recurvirostris,http://www.birding.in/images/Birds/rajiv/gknee_s.jpg,http://www.birding.in/birds/Charadriiformes/Burhinidae/great_thick-knee.htm,Charadriiformes,Burhinidae,,,53,large
Black-headed Gull,Larus ridibundus,http://www.birding.in/images/Birds/rajiv/bhgull_s.jpg,http://www.birding.in/birds/Charadriiformes/Laridae/common_black-headed_gull.htm,Charadriiformes,Laridae,,,38,medium
Asian Openbill,Anastomus oscitans,http://www.birding.in/images/Birds/rajiv/openbill_s.jpg,http://www.birding.in/birds/Ciconiiformes/Ciconiidae/asian_openbill.htm,Ciconiiformes,Ciconiidae,,,69,large
Scaly-breasted Munia,Lonchura punctulata,http://www.birding.in/images/Birds/rajiv/sbmunia_s.jpg,http://www.birding.in/birds/Passeriformes/Passeridae/scaly-breasted_munia.htm,Passeriformes,Passeridae,,,12,tiny
Ashy Prinia,Prinia socialis,http://www.birding.in/images/Birds/rajiv/ashyprinia_s.jpg,http://www.birding.in/birds/Passeriformes/Cisticolidae/ashy_prinia.htm,Passeriformes,Cisticolidae,,,13,tiny
Eurasian Marsh Harrier,Circus aeruginosus,http://www.birding.in/images/Birds/rajiv/mharrier_s.jpg,http://www.birding.in/birds/Falconiformes/Accipitridae/western_marsh_harrier.htm,Falconiformes,Accipitridae,,,58,large
Black-bellied Tern,Sterna acuticauda,http://www.birding.in/images/Birds/rajiv/bbtern_s.jpg,http://www.birding.in/birds/Charadriiformes/Laridae/black-bellied_tern.htm,Charadriiformes,Laridae,,,33,medium
Ruddy Shelduck,Tadorna ferruginea,http://www.birding.in/images/Birds/rajiv/rshelduck_s.jpg,http://www.birding.in/birds/Anseriformes/Anatidae/ruddy_shelduck.htm,Anseriformes,Anatidae,,,66,large
Common Moorhen,Gallinula chloropus,http://www.birding.in/images/Birds/rajiv/cmoorhen_s.jpg,http://www.birding.in/birds/Gruiformes/Rallidae/common_moorhen.htm,Gruiformes,Rallidae,,,34,medium
Comb Duck,Sarkidiornis melanotos,http://www.birding.in/images/Birds/rajiv/combduck_s.jpg,http://www.birding.in/birds/Anseriformes/Anatidae/comb_duck.htm,Anseriformes,Anatidae,,,0,tiny
Gadwall,Anas strepera,http://www.birding.in/images/Birds/rajiv/gadwall_s.jpg,http://www.birding.in/birds/Anseriformes/Anatidae/gadwall.htm,Anseriformes,Anatidae,,,0,tiny
River Lapwing,Vanellus duvaucelii,http://www.birding.in/images/Birds/rajiv/rlapwing_s.jpg,http://www.birding.in/birds/Charadriiformes/Charadriidae/river_lapwing.htm,Charadriiformes,Charadriidae,,,32,medium
Common Greenshank,Tringa nebularia,http://www.birding.in/images/Birds/rajiv/greenshank_s.jpg,http://www.birding.in/birds/Charadriiformes/Scolopacidae/common_greenshank.htm,Charadriiformes,Scolopacidae,,,34,medium
Kentish Plover,Charadrius alexandrinus,http://www.birding.in/images/Birds/rajiv/kplover_s.jpg,http://www.birding.in/birds/Charadriiformes/Charadriidae/kentish_plover.htm,Charadriiformes,Charadriidae,,,16,small
Peregrine Falcon,Falco peregrinus,http://www.birding.in/images/Birds/rajiv/pfalcon_s.jpg,http://www.birding.in/birds/Falconiformes/Falconidae/peregrine_falcon.htm,Falconiformes,Falconidae,,,50,large
Gray Francolin,Francolinus pondicerianus,http://www.birding.in/images/Birds/rajiv/francolin_s.jpg,http://www.birding.in/birds/Galliformes/grey_francolin.htm,Galliformes,,,,34,medium
Yellow-eyed Babbler,Chrysomma sinense,http://www.birding.in/images/Birds/rajiv/yebabbler_s.jpg,http://www.birding.in/birds/Passeriformes/Sylviidae/Timaliinae/yellow-eyed_babbler.htm,Passeriformes,Sylviidae,Timaliinae,,18,small
White-tailed Lapwing,Vanellus leucurus,http://www.birding.in/images/Birds/rajiv/wtlapwing_s.jpg,http://www.birding.in/birds/Charadriiformes/Charadriidae/white-tailed_lapwing.htm,Charadriiformes,Charadriidae,,,29,medium
Black Francolin,Francolinus francolinus,http://www.birding.in/images/Birds/rajiv/bfrancolin_s.jpg,http://www.birding.in/birds/Galliformes/black_francolin.htm,Galliformes,,,,34,medium
Plain Martin,Riparia paludicola,http://www.birding.in/images/Birds/rajiv/martin_s.jpg,http://www.birding.in/birds/Passeriformes/Hirundinidae/plain_martin.htm,Passeriformes,Hirundinidae,,,12,tiny
Brahminy Myna,Sturnus pagodarum,http://www.birding.in/images/Birds/rajiv/bmyna_s.jpg,http://www.birding.in/birds/Passeriformes/Sturnidae/brahminy_starling.htm,Passeriformes,Sturnidae,,,21,small
Red-throated Flycatcher,Ficedula parva,http://www.birding.in/images/Birds/rajiv/rtflycatcher_s.jpg,http://www.birding.in/birds/Passeriformes/Muscicapidae/red-breasted_flycatcher.htm,Passeriformes,Muscicapidae,,,12,tiny
Eurasian Wryneck,Jynx torquilla,http://www.birding.in/images/Birds/rajiv/wryneck_s.jpg,http://www.birding.in/birds/Piciformes/Picidae/eurasian_wryneck.htm,Piciformes,Picidae,,,17,small
White-eyed Buzzard,Butastur teesa,http://www.birding.in/images/Birds/rajiv/webuzzard_s.jpg,http://www.birding.in/birds/Falconiformes/Accipitridae/white-eyed_buzzard.htm,Falconiformes,Accipitridae,,,43,medium
Collared Scops Owl,Otus bakkamoena,http://www.birding.in/images/Birds/rajiv/scopsowl_s.jpg,http://www.birding.in/birds/Strigiformes/Strigidae/collared_scops-owl.htm,Strigiformes,Strigidae,,,24,small
Common Woodshrike,Tephrodornis pondicerianus,http://www.birding.in/images/Birds/rajiv/woodshrike_s.jpg,http://www.birding.in/birds/Passeriformes/Corvidae/common_woodshrike.htm,Passeriformes,Corvidae,,,18,small
Blue Peafowl,Pavo cristatus,http://www.birding.in/images/Birds/rajiv/peafowl_s.jpg,http://www.birding.in/birds/Galliformes/blue_peafowl.htm,Galliformes,,,,230,large
Tawny Pipit,Anthus campestris,http://www.birding.in/images/Birds/rajiv/tawnypipit_s.jpg,http://www.birding.in/birds/Passeriformes/Passeridae/tawny_pipit.htm,Passeriformes,Passeridae,,,16,small
Greylag Goose,Anser anser,http://www.birding.in/images/Birds/rajiv/greylaggoose_s.jpg,http://www.birding.in/birds/Anseriformes/Anatidae/greylag_goose.htm,Anseriformes,Anatidae,,,80,large
Common Chiffchaff,Phylloscopus collybita,http://www.birding.in/images/Birds/rajiv/chiffchaff_s.jpg,http://www.birding.in/birds/Passeriformes/Sylviidae/Acrocephalinae/common_chiffchaff.htm,Passeriformes,Sylviidae,Acrocephalinae,,11,tiny
Indian Roller,Coracias benghalensis,http://www.birding.in/images/Birds/rajiv/roller_s.jpg,http://www.birding.in/birds/Coraciiformes/Coraciidae/roller.htm,Coraciiformes,Coraciidae,,,33,medium
Tree Pipit,Anthus trivialis,http://www.birding.in/images/Birds/rajiv/treepipit_s.jpg,http://www.birding.in/birds/Passeriformes/Passeridae/tree_pipit.htm,Passeriformes,Passeridae,,,15,small
Great Thick-knee,Burhinus recurvirostris,http://www.birding.in/images/Birds/rajiv/thickknee_s.jpg,http://www.birding.in/birds/Charadriiformes/Burhinidae/thick_knee.htm,Charadriiformes,Burhinidae,,,0,tiny
Pallas's Gull,Larus ichthyaetus,http://www.birding.in/images/Birds/rajiv/pgull_s.jpg,http://www.birding.in/birds/Charadriiformes/Laridae/great_black-headed_gull.htm,Charadriiformes,Laridae,,,70,large
Greater Coucal,Centropus sinensis,http://www.birding.in/images/Birds/rajiv/gcoucal_s.jpg,http://www.birding.in/birds/Cuculiformes/Centropodidae/greater_coucal2.htm,Cuculiformes,Centropodidae,,,48,large
Black-winged Stilt,Himantopus himantopus,http://www.birding.in/images/Birds/rajiv/bwstilt_s.jpg,http://www.birding.in/birds/Charadriiformes/Charadriidae/black-winged_stilt.htm,Charadriiformes,Charadriidae,,,40,medium
Crested Kingfisher,Megaceryle lugubris,http://www.birding.in/images/Birds/rajiv/ckingfisher2_s.jpg,http://www.birding.in/birds/Coraciiformes/Cerylidae/crested_kingfisher2.htm,Coraciiformes,Cerylidae,,,42,medium
Purple Sunbird,Nectarinia asiatica,http://www.birding.in/images/Birds/rajiv/sunbirdeclipse_s.jpg,http://www.birding.in/birds/Passeriformes/Nectariniidae/purple_sunbird3.htm,Passeriformes,Nectariniidae,,,10,tiny
Steppe Eagle,Aquila nipalensis,http://www.birding.in/images/Birds/rajiv/stpeagle_s.jpg,http://www.birding.in/birds/Falconiformes/Accipitridae/steppe_eagle2.htm,Falconiformes,Accipitridae,,,80,large
Common Moorhen,Gallinula chloropus,http://www.birding.in/images/Birds/rajiv/moorhenjuv_s.jpg,http://www.birding.in/birds/Gruiformes/Rallidae/common_moorhen2.htm,Gruiformes,Rallidae,,,0,tiny
Ruddy-breasted Crake,Porzana fusca,http://www.birding.in/images/Birds/rajiv/rbcrake_s.jpg,http://www.birding.in/birds/Gruiformes/Rallidae/ruddy-breasted_crake.htm,Gruiformes,Rallidae,,,22,small
Maroon-backed Accentor,Prunella immaculata,http://www.birding.in/images/Birds/rajiv/mbaccentor_s.jpg,http://www.birding.in/birds/Passeriformes/Passeridae/maroon-backed_accentor.htm,Passeriformes,Passeridae,,,16,small
White-bellied Heron,Ardea insignis,http://www.birding.in/images/Birds/rajiv/wbheron_s.jpg,http://www.birding.in/birds/Ciconiiformes/Ardeidae/white-bellied_heron.htm,Ciconiiformes,Ardeidae,,,127,large
Black-necked Crane,Grus nigricollis,http://www.birding.in/images/Birds/rajiv/bncrane_s.jpg,http://www.birding.in/birds/Gruiformes/Gruidae/black-necked_crane.htm,Gruiformes,Gruidae,,,0,tiny
Golden Bush-robin,Tarsiger chrysaeus,http://www.birding.in/images/Birds/rajiv/goldrobin_s.jpg,http://www.birding.in/birds/Passeriformes/Muscicapidae/golden_bush-robin.htm,Passeriformes,Muscicapidae,,,15,small
White-browed Bush-robin,Tarsiger indicus,http://www.birding.in/images/Birds/rajiv/wbrobin_s.jpg,http://www.birding.in/birds/Passeriformes/Muscicapidae/white-browed_bush-robin.htm,Passeriformes,Muscicapidae,,,15,small
Rufous-breasted Bush-robin,Tarsiger hyperythrus,http://www.birding.in/images/Birds/rajiv/rbrobin_s.jpg,http://www.birding.in/birds/Passeriformes/Muscicapidae/rufous-breasted_bush-robin.htm,Passeriformes,Muscicapidae,,,15,small
Rufous-gorgeted Flycatcher,Ficedula strophiata,http://www.birding.in/images/Birds/rajiv/rgflycatcher_s.jpg,http://www.birding.in/birds/Passeriformes/Muscicapidae/rufous-gorgeted_flycatcher.htm,Passeriformes,Muscicapidae,,,14,tiny
Himalayan Monal,Lophophorus impejanus,http://www.birding.in/images/Birds/rajiv/hmonal_s.jpg,http://www.birding.in/birds/Galliformes/himalayan_monal.htm,Galliformes,,,,70,large
Himalayan Monal (f),Lophophorus impejanus,http://www.birding.in/images/Birds/rajiv/hfmonal_s.jpg,http://www.birding.in/birds/Galliformes/himalayan_monal2.htm,Galliformes,,,,0,tiny
Kalij Pheasant,Lophura leucomelanos,http://www.birding.in/images/Birds/rajiv/kpheasant_s.jpg,http://www.birding.in/birds/Galliformes/kalij_pheasant.htm,Galliformes,,,,75,large
Kalij Pheasant (f),Lophura leucomelanos,http://www.birding.in/images/Birds/rajiv/kfpheasant_s.jpg,http://www.birding.in/birds/Galliformes/kalij_pheasant2.htm,Galliformes,,,,75,large
Red-tailed Minla,Minla ignotincta,http://www.birding.in/images/Birds/rajiv/rtminla_s.jpg,http://www.birding.in/birds/Passeriformes/Sylviidae/Timaliinae/red-tailed_minla.htm,Passeriformes,Sylviidae,Timaliinae,,14,tiny
Chestnut-tailed Minla,Minla strigula,http://www.birding.in/images/Birds/rajiv/ctminla_s.jpg,http://www.birding.in/birds/Passeriformes/Sylviidae/Timaliinae/chestnut-tailed_minla.htm,Passeriformes,Sylviidae,Timaliinae,,14,tiny
Streak-breasted Scimitar Babbler,Pomatorhinus ruficollis,http://www.birding.in/images/Birds/rajiv/sbsbabbler_s.jpg,http://www.birding.in/birds/Passeriformes/Sylviidae/Timaliinae/streak-breasted_scimitar-babbler.htm,Passeriformes,Sylviidae,Timaliinae,,19,small
White-browed Fulvetta,Alcippe vinipectus,http://www.birding.in/images/Birds/rajiv/wbfulvetta_s.jpg,http://www.birding.in/birds/Passeriformes/Sylviidae/Timaliinae/white-browed_fulvetta.htm,Passeriformes,Sylviidae,Timaliinae,,11,tiny
Snow Pigeon,Columba leuconota,http://www.birding.in/images/Birds/rajiv/spigeon_s.jpg,http://www.birding.in/birds/Columbiformes/Columbidae/snow_pigeon.htm,Columbiformes,Columbidae,,,34,medium
Emerald Dove,Chalcophaps indica,http://www.birding.in/images/Birds/rajiv/edove_s.jpg,http://www.birding.in/birds/Columbiformes/Columbidae/emerald_dove.htm,Columbiformes,Columbidae,,,27,medium
Barred Cuckoo Dove,Macropygia unchall,http://www.birding.in/images/Birds/rajiv/barreddove_s.jpg,http://www.birding.in/birds/Columbiformes/Columbidae/barred_cuckoo_dove.htm,Columbiformes,Columbidae,,,41,medium
Slaty-backed Forktail,Enicurus schistaceus,http://www.birding.in/images/Birds/rajiv/sbforktail_s.jpg,http://www.birding.in/birds/Passeriformes/Muscicapidae/slaty-backed_forktail.htm,Passeriformes,Muscicapidae,,,25,medium
Long-tailed Sibia,Heterophasia picaoides,http://www.birding.in/images/Birds/rajiv/ltsibia_s.jpg,http://www.birding.in/birds/Passeriformes/Sylviidae/Timaliinae/long-tailed_sibia.htm,Passeriformes,Sylviidae,Timaliinae,,30,medium
Great Hornbill,Buceros bicornis,http://www.birding.in/images/Birds/rajiv/ghornbill_s.jpg,http://www.birding.in/birds/Bucerotiformes/great_hornbill2.htm,Bucerotiformes,,,,130,large
Rufous-necked Hornbill,Aceros nipalensis,http://www.birding.in/images/Birds/rajiv/rnhornbill_s.jpg,http://www.birding.in/birds/Bucerotiformes/rufous-necked_hornbill.htm,Bucerotiformes,,,,0,tiny
Black-crested Bulbul,Pycnonotus melanicterus,http://www.birding.in/images/Birds/rajiv/bcbulbul_s.jpg,http://www.birding.in/birds/Passeriformes/Pycnonotidae/black-crested_bulbul.htm,Passeriformes,Pycnonotidae,,,19,small
Striated Laughingthrush,Garrulax striatus,http://www.birding.in/images/Birds/rajiv/striatedthrush_s.jpg,http://www.birding.in/birds/Passeriformes/Sylviidae/Garrulacinae/striated_laughingthrush.htm,Passeriformes,Sylviidae,Garrulacinae,,28,medium
Black-faced Laughingthrush,Garrulax affinis,http://www.birding.in/images/Birds/rajiv/bflthrush_s.jpg,http://www.birding.in/birds/Passeriformes/Sylviidae/Garrulacinae/black-faced_laughingthrush.htm,Passeriformes,Sylviidae,Garrulacinae,,25,medium
Chestnut-crowned Laughingthrush,Garrulax erythrocephalus,http://www.birding.in/images/Birds/rajiv/cclthrush_s.jpg,http://www.birding.in/birds/Passeriformes/Sylviidae/Garrulacinae/chestnut-crowned_laughingthrush2.htm,Passeriformes,Sylviidae,Garrulacinae,,28,medium
Blue-fronted Redstart,Phoenicurus frontalis,http://www.birding.in/images/Birds/rajiv/bfredstart_s.jpg,http://www.birding.in/birds/Passeriformes/Muscicapidae/blue-fronted_redstart.htm,Passeriformes,Muscicapidae,,,15,small
Hodgson's Redstart,Phoenicurus hodgsoni,http://www.birding.in/images/Birds/rajiv/hredstart_s.jpg,http://www.birding.in/birds/Passeriformes/Muscicapidae/hodgsons_redstart.htm,Passeriformes,Muscicapidae,,,15,small
Spotted Nutcracker,Nucifraga caryocatactes,http://www.birding.in/images/Birds/rajiv/snutcracker_s.jpg,http://www.birding.in/birds/Passeriformes/Corvidae/spotted_nutcracker.htm,Passeriformes,Corvidae,,,35,medium
White-collared Blackbird,Turdus albocinctus,http://www.birding.in/images/Birds/rajiv/wcblackbird_s.jpg,http://www.birding.in/birds/Passeriformes/Muscicapidae/white-collared_blackbird.htm,Passeriformes,Muscicapidae,,,27,medium
Black-browed Tit,Aegithalos iouschistos,http://www.birding.in/images/Birds/rajiv/bb_tit.jpg,http://www.birding.in/birds/Passeriformes/Aegithalidae/black-browed_tit.htm,Passeriformes,Aegithalidae,,,11,tiny
Common Merganser,Mergus merganser,http://www.birding.in/images/Birds/rajiv/cmerganser_s.jpg,http://www.birding.in/birds/Anseriformes/Anatidae/common_merganser.htm,Anseriformes,Anatidae,,,0,tiny
Plain-backed Thrush,Zoothera mollissima,http://www.birding.in/images/Birds/rajiv/pbthrush_s.jpg,http://www.birding.in/birds/Passeriformes/Muscicapidae/plain-backed_thrush.htm,Passeriformes,Muscicapidae,,,27,medium
Alpine Accentor,Prunella collaris,http://www.birding.in/images/Birds/rajiv/alpineaccentor_s.jpg,http://www.birding.in/birds/Passeriformes/Passeridae/alpine_accentor.htm,Passeriformes,Passeridae,,,17,small
Eurasian Tree Sparrow,Passer montanus,http://www.birding.in/images/Birds/rajiv/treesparrow_s.jpg,http://www.birding.in/birds/Passeriformes/Passeridae/eurasian_tree_sparrow.htm,Passeriformes,Passeridae,,,14,tiny
Dark-rumped Rosefinch,Carpodacus edwardsii,http://www.birding.in/images/Birds/rajiv/drrosefinch_s.jpg,http://www.birding.in/birds/Passeriformes/Fringillidae/dark-rumped_rosefinch.htm,Passeriformes,Fringillidae,,,17,small
Dark-rumped Rosefinch (f),Carpodacus edwardsii,http://www.birding.in/images/Birds/rajiv/drfrosefinch_s.jpg,http://www.birding.in/birds/Passeriformes/Fringillidae/dark-rumped_rosefinch2.htm,Passeriformes,Fringillidae,,,17,small
Beautiful Rosefinch,Carpodacus pulcherrimus,http://www.birding.in/images/Birds/rajiv/brosefinch_s.jpg,http://www.birding.in/birds/Passeriformes/Fringillidae/beautiful_rosefinch.htm,Passeriformes,Fringillidae,,,15,small
Beautiful Rosefinch,Beautiful Rosefinch female,http://www.birding.in/images/Birds/rajiv/brosefinchf_s.jpg,http://www.birding.in/birds/Passeriformes/Fringillidae/beautiful_rosefinch_female.htm,Passeriformes,Fringillidae,,,0,tiny
White-browed Rosefinch,Carpodacus thura,http://www.birding.in/images/Birds/rajiv/wbrosefinch_s.jpg,http://www.birding.in/birds/Passeriformes/Fringillidae/white-browed_rosefinch.htm,Passeriformes,Fringillidae,,,17,small
White-browed Rosefinch (f),Carpodacus thura (female),http://www.birding.in/images/Birds/rajiv/wbrosefinchf_s.jpg,http://www.birding.in/birds/Passeriformes/Fringillidae/white-browed_rosefinch_female.htm,Passeriformes,Fringillidae,,,0,tiny
Streaked Spiderhunter,Arachnothera magna,http://www.birding.in/images/Birds/rajiv/sspiderhunter_s.jpg,http://www.birding.in/birds/Passeriformes/Nectariniidae/streaked_spiderhunter2.htm,Passeriformes,Nectariniidae,,,19,small
Rufous-breasted Bush Robin (f),Tarsiger hyperythrus,http://www.birding.in/images/Birds/rajiv/rbfbushrobin_s.jpg,http://www.birding.in/birds/Passeriformes/Muscicapidae/rufous-breasted_bush-robin2.htm,Passeriformes,Muscicapidae,,,15,small
Stripe-throated Yuhina,Yuhina gularis,http://www.birding.in/images/Birds/rajiv/styuhina_s.jpg,http://www.birding.in/birds/Passeriformes/Sylviidae/Timaliinae/stripe-throated_yuhina.htm,Passeriformes,Sylviidae,Timaliinae,,14,tiny
Black Eagle,Ictinaetus malayensis,http://www.birding.in/images/Birds/rajiv/bleagle_s.jpg,http://www.birding.in/birds/Falconiformes/Accipitridae/black_eagle.htm,Falconiformes,Accipitridae,,,80,large
Lemon-rumped Warbler,Phylloscopus chloronotus,http://www.birding.in/images/Birds/rajiv/lrwarbler_s.jpg,http://www.birding.in/birds/Passeriformes/Sylviidae/Acrocephalinae/lemon-rumped_warbler.htm,Passeriformes,Sylviidae,Acrocephalinae,,9,tiny
Kalij Pheasant,Lophura leucomelanos,http://www.birding.in/images/Birds/rajiv/khpheasant_s.jpg,http://www.birding.in/birds/Galliformes/kalij_pheasant3.htm,Galliformes,,,,75,large
Black-breasted Thrush,Turdus dissimilis,http://www.birding.in/images/Birds/rajiv/bbthrush_s.jpg,http://www.birding.in/birds/Passeriformes/Muscicapidae/black-breasted_thrush.htm,Passeriformes,Muscicapidae,,,22,small
Oriental Turtle Dove,Streptopelia orientalis,http://www.birding.in/images/Birds/rajiv/otdove_s.jpg,http://www.birding.in/birds/Columbiformes/Columbidae/oriental_turtle_dove.htm,Columbiformes,Columbidae,,,23,small
Black-necked Crane,Grus nigricollis,http://www.birding.in/images/Birds/rajiv/bn2crane_s.jpg,http://www.birding.in/birds/Gruiformes/Gruidae/black-necked_crane2.htm,Gruiformes,Gruidae,,,0,tiny
White-throated Laughingthrush,Garrulax albogularis,http://www.birding.in/images/Birds/rajiv/wtlthrush_s.jpg,http://www.birding.in/birds/Passeriformes/Sylviidae/Garrulacinae/white-throated_laughingthrush2.htm,Passeriformes,Sylviidae,Garrulacinae,,28,medium
Black-billed Magpie,Pica pica,http://www.birding.in/images/Birds/rajiv/bmagpie_s.jpg,http://www.birding.in/birds/Passeriformes/Corvidae/black-billed_magpie.htm,Passeriformes,Corvidae,,,50,large
Oriental Skylark,Alauda gulgula,http://www.birding.in/images/Birds/rajiv/oskylark_s.jpg,http://www.birding.in/birds/Passeriformes/Alaudidae/oriental_skylark.htm,Passeriformes,Alaudidae,,,16,small
Large Niltava,Niltava grandis,http://www.birding.in/images/Birds/rajiv/lniltava_s.jpg,http://www.birding.in/birds/Passeriformes/Muscicapidae/large_niltava.htm,Passeriformes,Muscicapidae,,,21,small
Crested Serpent Eagle,Spilornis cheela,http://www.birding.in/images/Birds/rajiv/cseagle_s.jpg,http://www.birding.in/birds/Falconiformes/Accipitridae/crested_serpent-eagle.htm,Falconiformes,Accipitridae,,,74,large
Common Kestrel,Falco tinnunculus,http://www.birding.in/images/Birds/rajiv/ckestrel_s.jpg,http://www.birding.in/birds/Falconiformes/Falconidae/common_kestrel.htm,Falconiformes,Falconidae,,,35,medium
Hodgson's Redstart,Phoenicurus hodgsoni,http://www.birding.in/images/Birds/rajiv/hfredstart_s.jpg,http://www.birding.in/birds/Passeriformes/Muscicapidae/hodgsons_redstart3.htm,Passeriformes,Muscicapidae,,,15,small
Himalayan Monal,Lophophorus impejanus,http://www.birding.in/images/Birds/rajiv/mnlpheasant_s.jpg,http://www.birding.in/birds/Galliformes/himalayan_monal3.htm,Galliformes,,,,0,tiny
Asian Barred Owlet,Glaucidium cuculoides,http://www.birding.in/images/Birds/rajiv/abowlet_s.jpg,http://www.birding.in/birds/Strigiformes/Strigidae/asian_barred_owlet.htm,Strigiformes,Strigidae,,,23,small
White-bellied Woodpecker,Dryocopus javensis,http://www.birding.in/images/Birds/rajiv/wbwoodpecker_s.jpg,http://www.birding.in/birds/Piciformes/Picidae/white-bellied_woodpecker.htm,Piciformes,Picidae,,,48,large
Sri Lanka Frogmouth,Batrachostomus moniliger,http://www.birding.in/images/Birds/rajiv/frogmouth_s.jpg,http://www.birding.in/birds/Caprimulgiformes/Batrachostomidae/ceylon_frogmouth.htm,Caprimulgiformes,Batrachostomidae,,,23,small
Indian Pitta,Pitta brachyura,http://www.birding.in/images/Birds/rajiv/indpita_s.jpg,http://www.birding.in/birds/Passeriformes/Pittidae/indian_pitta.htm,Passeriformes,Pittidae,,,19,small
Nilgiri Pipit,Anthus nilghiriensis,http://www.birding.in/images/Birds/rajiv/npipit_s.jpg,http://www.birding.in/birds/Passeriformes/Passeridae/nilgiri_pipit.htm,Passeriformes,Passeridae,,,17,small
Grey-breasted Laughingthrush,Garrulax jerdoni,http://www.birding.in/images/Birds/rajiv/nlthrush_s.jpg,http://www.birding.in/birds/Passeriformes/Sylviidae/Garrulacinae/grey-breasted_laughingthrush.htm,Passeriformes,Sylviidae,Garrulacinae,,20,small
Scarlet Minivet,Pericrocotus flammeus,http://www.birding.in/images/Birds/rajiv/sminivet_s.jpg,http://www.birding.in/birds/Passeriformes/Corvidae/scarlet_minivet.htm,Passeriformes,Corvidae,,,21,small
Hill Myna,Gracula religiosa,http://www.birding.in/images/Birds/rajiv/hillmyna_s.jpg,http://www.birding.in/birds/Passeriformes/Sturnidae/hill_myna.htm,Passeriformes,Sturnidae,,,28,medium
Orange-headed Thrush,Zoothera citrina,http://www.birding.in/images/Birds/rajiv/ohthrush_s.jpg,http://www.birding.in/birds/Passeriformes/Muscicapidae/orange-headed_thrush.htm,Passeriformes,Muscicapidae,,,21,small
Purple-rumped Sunbird,Nectarinia zeylonica,http://www.birding.in/images/Birds/rajiv/prsunbird_s.jpg,http://www.birding.in/birds/Passeriformes/Nectariniidae/purple-rumped_sunbird.htm,Passeriformes,Nectariniidae,,,12,tiny
Bronze-winged Jacana,Metopidius indicus,http://www.birding.in/images/Birds/rajiv/bwjacana_s.jpg,http://www.birding.in/birds/Charadriiformes/Jacanidae/bronze-winged_jacana.htm,Charadriiformes,Jacanidae,,,30,medium
Large Woodshrike,Tephrodornis gularis,http://www.birding.in/images/Birds/rajiv/lws_s.jpg,http://www.birding.in/birds/Passeriformes/Corvidae/large_woodshrike.htm,Passeriformes,Corvidae,,,23,small
Nilgiri Flycatcher,Eumyias albicaudata,http://www.birding.in/images/Birds/rajiv/nfcatcher_s.jpg,http://www.birding.in/birds/Passeriformes/Muscicapidae/nilgiri_flycatcher.htm,Passeriformes,Muscicapidae,,,15,small
Malabar Whistling Thrush,Myiophonus horsfieldii,http://www.birding.in/images/Birds/rajiv/mwthrush_s.jpg,http://www.birding.in/birds/Passeriformes/Muscicapidae/malabar_whistling-thrush.htm,Passeriformes,Muscicapidae,,,25,medium
Changeable Hawk-Eagle,Spizaetus cirrhatus,http://www.birding.in/images/Birds/rajiv/cheagle_s.jpg,http://www.birding.in/birds/Falconiformes/Accipitridae/changeable_hawk-eagle.htm,Falconiformes,Accipitridae,,,72,large
Dark-fronted Babbler,Rhopocichla atriceps,http://www.birding.in/images/Birds/rajiv/dfbabbler_s.jpg,http://www.birding.in/birds/Passeriformes/Sylviidae/Timaliinae/dark-fronted_babbler.htm,Passeriformes,Sylviidae,Timaliinae,,13,tiny
Wedge-tailed Green Pigeon,Treron sphenura,http://www.birding.in/images/Birds/rajiv/wtgpigeon_s.jpg,http://www.birding.in/birds/Columbiformes/Columbidae/wedge-tailed_green-pigeon.htm,Columbiformes,Columbidae,,,33,medium
White-winged Grosbeak,Mycerobas carnipes,http://www.birding.in/images/Birds/rajiv/wwgrosbeak_s.jpg,http://www.birding.in/birds/Passeriformes/Fringillidae/white-winged_grosbeak.htm,Passeriformes,Fringillidae,,,22,small
Cotton Pygmy-Goose,Nettapus coromandelianus,http://www.birding.in/images/Birds/rajiv/cpgoose_s.jpg,http://www.birding.in/birds/Anseriformes/Anatidae/cotton_pygmy-goose.htm,Anseriformes,Anatidae,,,37,medium
Jungle Owlet,Glaucidium radiatum,http://www.birding.in/images/Birds/rajiv/jungleowlet_s.jpg,http://www.birding.in/birds/Strigiformes/Strigidae/jungle_owlet.htm,Strigiformes,Strigidae,,,20,small
Eurasian Blackbird,Turdus merula,http://www.birding.in/images/Birds/rajiv/eblackbirdf_s.jpg,http://www.birding.in/birds/Passeriformes/Muscicapidae/eurasian_blackbird2.htm,Passeriformes,Muscicapidae,,,28,medium
Blue-capped Rock Thrush,Monticola cinclorhynchus,http://www.birding.in/images/Birds/rajiv/bcrthrush_s.jpg,http://www.birding.in/birds/Passeriformes/Muscicapidae/blue-capped_rock-thrush2.htm,Passeriformes,Muscicapidae,,,17,small
Common Hawk Cuckoo,Cuculus varius,http://www.birding.in/images/Birds/rajiv/chcuckoo_s.jpg,http://www.birding.in/birds/Cuculiformes/Cuculidae/common_hawk-cuckoo.htm,Cuculiformes,Cuculidae,,,34,medium
Small Minivet,Pericrocotus cinnamomeus,http://www.birding.in/images/Birds/rajiv/smallminivet_s.jpg,http://www.birding.in/birds/Passeriformes/Corvidae/small_minivet.htm,Passeriformes,Corvidae,,,16,small
Scarlet Minivet,Pericrocotus flammeus,http://www.birding.in/images/Birds/rajiv/scminivetf_s.jpg,http://www.birding.in/birds/Passeriformes/Corvidae/scarlet_minivet2.htm,Passeriformes,Corvidae,,,21,small
Whiskered Tern,Chlidonias hybridus,http://www.birding.in/images/Birds/rajiv/wtern_s.jpg,http://www.birding.in/birds/Charadriiformes/Laridae/whiskered_tern.htm,Charadriiformes,Laridae,,,25,medium
Small Niltava,Niltava macgrigoriae,http://www.birding.in/images/Birds/rajiv/sniltava_s.jpg,http://www.birding.in/birds/Passeriformes/Muscicapidae/small_niltava.htm,Passeriformes,Muscicapidae,,,13,tiny
Olive-backed Pipit,Anthus hodgsoni,http://www.birding.in/images/Birds/rajiv/obpipit_s.jpg,http://www.birding.in/birds/Passeriformes/Passeridae/olive-backed_pipit.htm,Passeriformes,Passeridae,,,15,small
Rosy Pipit,Anthus roseatus,http://www.birding.in/images/Birds/rajiv/rpipit_s.jpg,http://www.birding.in/birds/Passeriformes/Passeridae/rosy_pipit2.htm,Passeriformes,Passeridae,,,15,small
Grey-backed Shrike,Lanius tephronotus,http://www.birding.in/images/Birds/rajiv/gbshrike_s.jpg,http://www.birding.in/birds/Passeriformes/Laniidae/grey-backed_shrike.htm,Passeriformes,Laniidae,,,25,medium
Dark-breasted Rosefinch,Carpodacus nipalensis,http://www.birding.in/images/Birds/rajiv/dbrosefinch_s.jpg,http://www.birding.in/birds/Passeriformes/Fringillidae/dark-breasted_rosefinch.htm,Passeriformes,Fringillidae,,,16,small
Common Kingfisher,Alcedo atthis,http://www.birding.in/images/Birds/rajiv/commonkingfisher_s.jpg,http://www.birding.in/birds/Coraciiformes/Alcedinidae/common_kingfisher.htm,Coraciiformes,Alcedinidae,,,16,small
Common Snipe,Gallinago gallinago,http://www.birding.in/images/Birds/rajiv/csnipe_s.jpg,http://www.birding.in/birds/Charadriiformes/Scolopacidae/common_snipe.htm,Charadriiformes,Scolopacidae,,,26,medium
Pied Avocet,Recurvirostra avosetta,http://www.birding.in/images/Birds/rajiv/pavocet_s.jpg,http://www.birding.in/birds/Charadriiformes/Charadriidae/pied_avocet.htm,Charadriiformes,Charadriidae,,,45,large
Pied Wheatear,Oenanthe pleschanka,http://www.birding.in/images/Birds/rajiv/pwheatear_s.jpg,http://www.birding.in/birds/Passeriformes/Muscicapidae/pied_wheatear_male.htm,Passeriformes,Muscicapidae,,,0,tiny
Great Tit,Parus major,http://www.birding.in/images/Birds/rajiv/greattit_s.jpg,http://www.birding.in/birds/Passeriformes/Paridae/great_tit.htm,Passeriformes,Paridae,,,14,tiny
White-browed Shrike Babbler,Pteruthius flaviscapis,http://www.birding.in/images/Birds/rajiv/wbsbabbler_s.jpg,http://www.birding.in/birds/Passeriformes/Sylviidae/Timaliinae/white-browed_shrike-babbler.htm,Passeriformes,Sylviidae,Timaliinae,,16,small
Red Avadavat,Amandava amandava,http://www.birding.in/images/Birds/rajiv/rmuniam_s.jpg,http://www.birding.in/birds/Passeriformes/Passeridae/red_avadavat_male.htm,Passeriformes,Passeridae,,,0,tiny
Malabar Grey Hornbill,Ocyceros griseus,http://www.birding.in/images/Birds/rajiv/mhornbillf_s.jpg,http://www.birding.in/birds/Bucerotiformes/malabar_grey-hornbill.htm,Bucerotiformes,,,,45,large
Coal Tit,Parus ater,http://www.birding.in/images/Birds/rajiv/coaltit_s.jpg,http://www.birding.in/birds/Passeriformes/Paridae/coal_tit.htm,Passeriformes,Paridae,,,11,tiny
Blue-throated Flycatcher,Cyornis rubeculoides,http://www.birding.in/images/Birds/rajiv/btflycatcher_s.jpg,http://www.birding.in/birds/Passeriformes/Muscicapidae/blue-throated_flycatcher.htm,Passeriformes,Muscicapidae,,,14,tiny
Greenish Warbler,Phylloscopus trochiloides,http://www.birding.in/images/Birds/rajiv/greenish_warbler_s.jpg,http://www.birding.in/birds/Passeriformes/Sylviidae/Acrocephalinae/greenish_warbler.htm,Passeriformes,Sylviidae,Acrocephalinae,,11,tiny
Bronzed Drongo,Dicrurus aeneus,http://www.birding.in/images/Birds/rajiv/bdrongo_s.jpg,http://www.birding.in/birds/Passeriformes/Corvidae/bronzed_drongo.htm,Passeriformes,Corvidae,,,24,small
Brown-breasted Flycatcher,Muscicapa muttui,http://www.birding.in/images/Birds/rajiv/bbflycatcher_s.jpg,http://www.birding.in/birds/Passeriformes/Muscicapidae/brown-breasted_flycatcher.htm,Passeriformes,Muscicapidae,,,14,tiny
Black Redstart,Phoenicurus ochruros,http://www.birding.in/images/Birds/rajiv/bredstart_s.jpg,http://www.birding.in/birds/Passeriformes/Muscicapidae/black_redstart.htm,Passeriformes,Muscicapidae,,,15,small
Blue-capped Redstart,Phoenicurus caeruleocephalus,http://www.birding.in/images/Birds/rajiv/bcredstartf_s.jpg,http://www.birding.in/birds/Passeriformes/Muscicapidae/blue-capped_redstart_female.htm,Passeriformes,Muscicapidae,,,15,small
Grey Junglefowl,Gallus sonneratii,http://www.birding.in/images/Birds/rajiv/gjfowl_s.jpg,http://www.birding.in/birds/Galliformes/grey_junglefowl_female.htm,Galliformes,,,,75,large
White Wagtail,Motacilla alba alboides,http://www.birding.in/images/Birds/rajiv/wwagtail_s.jpg,http://www.birding.in/birds/Passeriformes/Passeridae/white_wagtail.htm,Passeriformes,Passeridae,,,19,small
Indian Blue Robin,Luscinia brunnea,http://www.birding.in/images/Birds/rajiv/ibrobin_s.jpg,http://www.birding.in/birds/Passeriformes/Muscicapidae/indian_blue_robin.htm,Passeriformes,Muscicapidae,,,15,small
Tawny Eagle,Aquila rapax,http://www.birding.in/images/Birds/rajiv/teagle_s.jpg,http://www.birding.in/birds/Falconiformes/Accipitridae/tawny_eagle.htm,Falconiformes,Accipitridae,,,71,large
Pied Bushchat,Saxicola caprata,http://www.birding.in/images/Birds/rajiv/pbushchat_s.jpg,http://www.birding.in/birds/Passeriformes/Muscicapidae/pied_bushchat.htm,Passeriformes,Muscicapidae,,,13,tiny
Gray Francolin,Francolinus pondicerianus,http://www.birding.in/images/Birds/rajiv/gfrancolin_s.jpg,http://www.birding.in/birds/Galliformes/gray_francolin.htm,Galliformes,,,,0,tiny
Indian Robin,Saxicoloides fulicata,http://www.birding.in/images/Birds/rajiv/irobinf_s.jpg,http://www.birding.in/birds/Passeriformes/Muscicapidae/indian_robin_female.htm,Passeriformes,Muscicapidae,,,0,tiny
Common Kestrel,Falco tinnunculus pair,http://www.birding.in/images/Birds/rajiv/kestrelpair_s.jpg,http://www.birding.in/birds/Falconiformes/Falconidae/common_kestrel_pair.htm,Falconiformes,Falconidae,,,0,tiny
Red-vented Bulbul,Pycnonotus cafer bengalensis,http://www.birding.in/images/Birds/rajiv/rvbulbul_s.jpg,http://www.birding.in/birds/Passeriformes/Pycnonotidae/red-vented_bulbul_eastern.htm,Passeriformes,Pycnonotidae,,,0,tiny
Eurasian Hoopoe,Upupa epops,http://www.birding.in/images/Birds/rajiv/hoopoe_crest_s.jpg,http://www.birding.in/birds/Upupiformes/Upupidae/hoopoe_open_crest.htm,Upupiformes,Upupidae,,,0,tiny
Bluethroat,Luscinia svecica,http://www.birding.in/images/Birds/rajiv/bthroat_s.jpg,http://www.birding.in/birds/Passeriformes/Muscicapidae/bluethroat_female.htm,Passeriformes,Muscicapidae,,,0,tiny
Yellow-browed Bulbul,Lole indica,http://www.birding.in/images/Birds/rajiv/ybbulbul_s.jpg,http://www.birding.in/birds/Passeriformes/Pycnonotidae/yellow-browed_bulbul.htm,Passeriformes,Pycnonotidae,,,20,small
Black and Rufous Flycatcher,Ficedula nigrorufa,http://www.birding.in/images/Birds/rajiv/boflycatcher_s.jpg,http://www.birding.in/birds/Passeriformes/Muscicapidae/black-and-rufous_flycatcher.htm,Passeriformes,Muscicapidae,,,11,tiny
Oriental Magpie Robin,Copsychus saularis,http://www.birding.in/images/Birds/rajiv/omrobin_s.jpg,http://www.birding.in/birds/Passeriformes/Muscicapidae/oriental_magpie-robin.htm,Passeriformes,Muscicapidae,,,20,small
Clamorous Reed Warbler,Acrocephalus stentoreus,http://www.birding.in/images/Birds/rajiv/crwarbler_s.jpg,http://www.birding.in/birds/Passeriformes/Sylviidae/Acrocephalinae/clamorous_reed-warbler.htm,Passeriformes,Sylviidae,Acrocephalinae,,19,small
Solitary Snipe,Gallinago solitaria,http://www.birding.in/images/Birds/rajiv/solsnipe_s.jpg,http://www.birding.in/birds/Charadriiformes/Scolopacidae/solitary_snipe.htm,Charadriiformes,Scolopacidae,,,31,medium
Coppersmith Barbet,Megalaima haemacephala,http://www.birding.in/images/Birds/rajiv/cbarbet_s.jpg,http://www.birding.in/birds/Piciformes/Megalaimidae/coppersmith_barbet.htm,Piciformes,Megalaimidae,,,17,small
Orange-flanked Bush Robin,Tarsiger cyanurus,http://www.birding.in/images/Birds/rajiv/ofbushrobin_s.jpg,http://www.birding.in/birds/Passeriformes/Muscicapidae/orange-flanked_bush-robin.htm,Passeriformes,Muscicapidae,,,14,tiny
Rufous-winged Fulvetta,Alcippe castaneceps,http://www.birding.in/images/Birds/rajiv/rwfulvetta_s.jpg,http://www.birding.in/birds/Passeriformes/Sylviidae/Timaliinae/rufous-winged_fulvetta.htm,Passeriformes,Sylviidae,Timaliinae,,10,tiny
Cattle Egret,Bubulcus ibis,http://www.birding.in/images/Birds/rajiv/cegret_s.jpg,http://www.birding.in/birds/Ciconiiformes/Ardeidae/cattle_egret_breeding.htm,Ciconiiformes,Ardeidae,,,0,tiny
Wood Sandpiper,Tringa glareola,http://www.birding.in/images/Birds/rajiv/wsandpiper_s.jpg,http://www.birding.in/birds/Charadriiformes/Scolopacidae/wood_sandpiper.htm,Charadriiformes,Scolopacidae,,,21,small
Sind Sparrow,Passer pyrrhonotus,http://www.birding.in/images/Birds/rajiv/sisparrowf_s.jpg,http://www.birding.in/birds/Passeriformes/Passeridae/sind_sparrow_female.htm,Passeriformes,Passeridae,,,0,tiny
Bay-backed Shrike,Lanius vittatus,http://www.birding.in/images/Birds/rajiv/bbshrike_s.jpg,http://www.birding.in/birds/Passeriformes/Laniidae/bay-backed_shrike.htm,Passeriformes,Laniidae,,,17,small
Citrine Wagtail,Motacilla citreola,http://www.birding.in/images/Birds/rajiv/cwagtail_bath_s.jpg,http://www.birding.in/birds/Passeriformes/Passeridae/citrine_wagtail.htm,Passeriformes,Passeridae,,,0,tiny
Rufous-fronted Tit,Aegithalos iouschistos,http://www.birding.in/images/Birds/rajiv/rftit_s.jpg,http://www.birding.in/birds/Passeriformes/Aegithalidae/rufous_fronted_tit.htm,Passeriformes,Aegithalidae,,,0,tiny
Yellow-bellied Prinia,Prinia flaviventris,http://www.birding.in/images/Birds/rajiv/ybprinia_s.jpg,http://www.birding.in/birds/Passeriformes/Cisticolidae/yellow-bellied_prinia.htm,Passeriformes,Cisticolidae,,,13,tiny
Striated Babbler,Turdoides earlei,http://www.birding.in/images/Birds/rajiv/sbabbler_s.jpg,http://www.birding.in/birds/Passeriformes/Sylviidae/Timaliinae/striated_babbler.htm,Passeriformes,Sylviidae,Timaliinae,,21,small
Brown-cheeked Fulvetta,Alcippe poioicephala,http://www.birding.in/images/Birds/rajiv/bcfulvetta_s.jpg,http://www.birding.in/birds/Passeriformes/Sylviidae/Timaliinae/brown-cheeked_fulvetta.htm,Passeriformes,Sylviidae,Timaliinae,,15,small
Black-throated Tit,Aegithalos concinnus,http://www.birding.in/images/Birds/rajiv/bttit2_s.jpg,http://www.birding.in/birds/Passeriformes/Aegithalidae/black-throated_tit2.htm,Passeriformes,Aegithalidae,,,0,tiny
Striated Heron,Butorides striatus,http://www.birding.in/images/Birds/rajiv/bcnheron_s.jpg,http://www.birding.in/birds/Ciconiiformes/Ardeidae/striated_heron.htm,Ciconiiformes,Ardeidae,,,47,large
Plumbeous Water Redstart,Rhyacornis fuliginosus,http://www.birding.in/images/Birds/rajiv/pwredstart_s.jpg,http://www.birding.in/birds/Passeriformes/Muscicapidae/plumbeous_water-redstart.htm,Passeriformes,Muscicapidae,,,12,tiny
Lesser Whistling Duck,Dendrocygna javanica,http://www.birding.in/images/Birds/rajiv/wteal_s.jpg,http://www.birding.in/birds/Anseriformes/Dendrocygnidae/lesser_whistling-duck.htm,Anseriformes,Dendrocygnidae,,,40,medium
Pheasant-tailed Jacana,Hydrophasianus chirurgus,http://www.birding.in/images/Birds/rajiv/ptjacana_s.jpg,http://www.birding.in/birds/Charadriiformes/Jacanidae/pt_jacana.htm,Charadriiformes,Jacanidae,,,0,tiny
Indian Grey Thrush,Turdus unicolor,http://www.birding.in/images/Birds/rajiv/tthrush_s.jpg,http://www.birding.in/birds/Passeriformes/Muscicapidae/indian_grey_thrush.htm,Passeriformes,Muscicapidae,,,21,small
Black-headed Jay,Garrulus lanceolatus,http://www.birding.in/images/Birds/rajiv/bhjay_s.jpg,http://www.birding.in/birds/Passeriformes/Corvidae/black-headed_jay.htm,Passeriformes,Corvidae,,,33,medium
White-tailed Nuthatch,Sitta himalayensis,http://www.birding.in/images/Birds/rajiv/wtnuthatch_s.jpg,http://www.birding.in/birds/Passeriformes/Sittidae/white-tailed_nuthatch.htm,Passeriformes,Sittidae,,,12,tiny
Yellow-breasted Greenfinch,Carduelis spinoides,http://www.birding.in/images/Birds/rajiv/ybgreenfinch_s.jpg,http://www.birding.in/birds/Passeriformes/Fringillidae/yellow-breasted_greenfinch.htm,Passeriformes,Fringillidae,,,14,tiny
Verditer Flycatcher,Eumyias thalassina,http://www.birding.in/images/Birds/rajiv/vflycatcher_s.jpg,http://www.birding.in/birds/Passeriformes/Muscicapidae/verditer_flycatcher.htm,Passeriformes,Muscicapidae,,,16,small
Slaty-headed Parakeet,Psittacula himalayana,http://www.birding.in/images/Birds/rajiv/immshparakeet_s.jpg,http://www.birding.in/birds/Psittaciformes/Psittacidae/sh_parakeet_imm.htm,Psittaciformes,Psittacidae,,,0,tiny
Verditer Flycatcher,Eumyias thalassina,http://www.birding.in/images/Birds/rajiv/vflycatjuv_s.jpg,http://www.birding.in/birds/Passeriformes/Muscicapidae/verditer_flycatcher_immature.htm,Passeriformes,Muscicapidae,,,0,tiny
Black-winged Cuckooshrike,Coracina melaschistos,http://www.birding.in/images/Birds/rajiv/bwcuckooshrike_s.jpg,http://www.birding.in/birds/Passeriformes/Corvidae/black-winged_cuckoo-shrike.htm,Passeriformes,Corvidae,,,24,small
Striated Prinia,Prinia criniger,http://www.birding.in/images/Birds/rajiv/stprinia_s.jpg,http://www.birding.in/birds/Passeriformes/Cisticolidae/striated_prinia.htm,Passeriformes,Cisticolidae,,,16,small
Striated Prinia,Prinia criniger,http://www.birding.in/images/Birds/rajiv/sprinia_s.jpg,http://www.birding.in/birds/Passeriformes/Cisticolidae/striated_prinia2.htm,Passeriformes,Cisticolidae,,,0,tiny
White-bellied Shortwing,Brachypteryx major,http://www.birding.in/images/Birds/rajiv/wbshortwing_s.jpg,http://www.birding.in/birds/Passeriformes/Muscicapidae/white-bellied_shortwing.htm,Passeriformes,Muscicapidae,,,15,small
Lesser Fish Eagle,Ichthyophaga humilis,http://www.birding.in/images/Birds/rajiv/fisheagle_s.jpg,http://www.birding.in/birds/Falconiformes/Accipitridae/lesser_fish-eagle.htm,Falconiformes,Accipitridae,,,64,large
Scaly-breasted Munia,Lonchura punctulata,http://www.birding.in/images/Birds/rajiv/muniajuv_s.jpg,http://www.birding.in/birds/Passeriformes/Passeridae/sb_munia_juv.htm,Passeriformes,Passeridae,,,0,tiny
Little Grebe,Tachybaptus ruficollis,http://www.birding.in/images/Birds/rajiv/littlegrebe_s.jpg,http://www.birding.in/birds/Podicipediformes/Podicipedidae/little_grebe.htm,Podicipediformes,Podicipedidae,,,29,medium
European Roller,Coracias garrulus,http://www.birding.in/images/Birds/rajiv/eroller_s.jpg,http://www.birding.in/birds/Coraciiformes/Coraciidae/european_roller.htm,Coraciiformes,Coraciidae,,,31,medium
Rufous Treepie,Dendrocitta vagabunda,http://www.birding.in/images/Birds/rajiv/rtreepie_s.jpg,http://www.birding.in/birds/Passeriformes/Corvidae/rufous_treepie2.htm,Passeriformes,Corvidae,,,0,tiny
Black Francolin,Francolinus francolinus,http://www.birding.in/images/Birds/rajiv/bf_s.jpg,http://www.birding.in/birds/Galliformes/black_francolin2.htm,Galliformes,,,,0,tiny
Brahminy Myna juvenile,Sturnus pagodarum,http://www.birding.in/images/Birds/rajiv/bmynajuv_s.jpg,http://www.birding.in/birds/Passeriformes/Sturnidae/brahminy_myna.htm,Passeriformes,Sturnidae,,,0,tiny
Rosy Starling,Sturnus roseus,http://www.birding.in/images/Birds/rajiv/rosypastor_s.jpg,http://www.birding.in/birds/Passeriformes/Sturnidae/rosy_starling_breeding.htm,Passeriformes,Sturnidae,,,0,tiny
Red Collared Dove,Streptopelia tranquebarica,http://www.birding.in/images/Birds/rajiv/redcollrddove_s.jpg,http://www.birding.in/birds/Columbiformes/Columbidae/red_collared_dove.htm,Columbiformes,Columbidae,,,23,small
Black-headed Ibis,Threskiornis melanocephalus,http://www.birding.in/images/Birds/rajiv/bhibis_s.jpg,http://www.birding.in/birds/Ciconiiformes/Threskiornithidae/black-headed_ibis.htm,Ciconiiformes,Threskiornithidae,,,75,large
White-browed Wagtail,Motacilla maderaspatensis,http://www.birding.in/images/Birds/rajiv/wbwagtail_s.jpg,http://www.birding.in/birds/Passeriformes/Passeridae/white-browed_wagtail.htm,Passeriformes,Passeridae,,,21,small
Oriental Pratincole,Glareola maldivarum,http://www.birding.in/images/Birds/rajiv/opratincole_s.jpg,http://www.birding.in/birds/Charadriiformes/Glareolidae/oriental_pratincole.htm,Charadriiformes,Glareolidae,,,24,small
Baya Weaver,Ploceus philippinus,http://www.birding.in/images/Birds/rajiv/baya_s.jpg,http://www.birding.in/birds/Passeriformes/Passeridae/baya_weaver.htm,Passeriformes,Passeridae,,,15,small
Blue-cheeked Bee-Eater,Merops persicus,http://www.birding.in/images/Birds/rajiv/bcbeeater_s.jpg,http://www.birding.in/birds/Coraciiformes/Meropidae/blue-cheeked_bee-eater.htm,Coraciiformes,Meropidae,,,25,medium
Chukar (juvenile),Alectoris chukar,http://www.birding.in/images/Birds/rajiv/chukarjuv_s.jpg,http://www.birding.in/birds/Galliformes/chukar_partridge2.htm,Galliformes,,,,0,tiny
White-winged Redstart,Phoenicurus erythrogaster,http://www.birding.in/images/Birds/rajiv/wwredstart_s.jpg,http://www.birding.in/birds/Passeriformes/Muscicapidae/white-winged_redstart.htm,Passeriformes,Muscicapidae,,,18,small
Carrion Crow,Corvus corone,http://www.birding.in/images/Birds/rajiv/carrioncrow_s.jpg,http://www.birding.in/birds/Passeriformes/Corvidae/carrion_crow.htm,Passeriformes,Corvidae,,,55,large
European Goldfinch,Carduelis carduelis,http://www.birding.in/images/Birds/rajiv/goldfinch_s.jpg,http://www.birding.in/birds/Passeriformes/Fringillidae/european_goldfinch.htm,Passeriformes,Fringillidae,,,15,small
Hill Pigeon,Columba rupestris,http://www.birding.in/images/Birds/rajiv/hillpigeon_s.jpg,http://www.birding.in/birds/Columbiformes/Columbidae/hill_pigeon.htm,Columbiformes,Columbidae,,,33,medium
Yellow-billed Chough,Pyrrhocorax graculus,http://www.birding.in/images/Birds/rajiv/ybchough_s.jpg,http://www.birding.in/birds/Passeriformes/Corvidae/yellow-billed_chough.htm,Passeriformes,Corvidae,,,38,medium
Chestnut-bellied Sandgrouse,Pterocles exustus,http://www.birding.in/images/Birds/rajiv/cb_sandgrouse_s.jpg,http://www.birding.in/birds/Pteroclidiformes/Pteroclididae/chestnut-bellied_sandgrouse2.htm,Pteroclidiformes,Pteroclididae,,,0,tiny
Rufous-tailed Lark,Ammomanes phoenicurus,http://www.birding.in/images/Birds/rajiv/rtlark_s.jpg,http://www.birding.in/birds/Passeriformes/Alaudidae/rufous-tailed_lark.htm,Passeriformes,Alaudidae,,,18,small
Yellow-eyed Pigeon,Columba eversmanni,http://www.birding.in/images/Birds/rajiv/yepigeon_s.jpg,http://www.birding.in/birds/Columbiformes/Columbidae/pale-backed_pigeon.htm,Columbiformes,Columbidae,,,30,medium
Yellow-crowned Woodpecker,Dendrocopos mahrattensis,http://www.birding.in/images/Birds/rajiv/ycwoodpecker_s.jpg,http://www.birding.in/birds/Piciformes/Picidae/yellow-crowned_woodpecker.htm,Piciformes,Picidae,,,18,small
Common Stonechat,Saxicola maura,http://www.birding.in/images/Birds/rajiv/cstonechat_s.jpg,http://www.birding.in/birds/Passeriformes/Muscicapidae/common_stonechat.htm,Passeriformes,Muscicapidae,,,0,tiny
Common Stonechat (female),Saxicola maura,http://www.birding.in/images/Birds/rajiv/sstonechat_s.jpg,http://www.birding.in/birds/Passeriformes/Muscicapidae/stonechat_female.htm,Passeriformes,Muscicapidae,,,0,tiny
Asian Pied Starling,Sturnus contra,http://www.birding.in/images/Birds/rajiv/apstarling_s.jpg,http://www.birding.in/birds/Passeriformes/Sturnidae/asian_pied_starling.htm,Passeriformes,Sturnidae,,,23,small
White-browed Bushchat,Saxicola macrorhyncha,http://www.birding.in/images/Birds/rajiv/white_browed_bushchat_s.jpg,http://www.birding.in/birds/Passeriformes/Muscicapidae/white-browed_bushchat.htm,Passeriformes,Muscicapidae,,,17,small
Red Junglefowl,Gallus gallus,http://www.birding.in/images/Birds/rajiv/red_junglefowl_s.jpg,http://www.birding.in/birds/Galliformes/red_junglefowl.htm,Galliformes,,,,75,large
Great Crested Grebe,Podiceps cristatus,http://www.birding.in/images/Birds/rajiv/gc_grebe_s.jpg,http://www.birding.in/birds/Podicipediformes/Podicipedidae/great_crested_grebe.htm,Podicipediformes,Podicipedidae,,,51,large
Black-necked Grebe,Podiceps nigricollis,http://www.birding.in/images/Birds/rajiv/bn_grebe_s.jpg,http://www.birding.in/birds/Podicipediformes/Podicipedidae/black-necked_grebe.htm,Podicipediformes,Podicipedidae,,,34,medium
Indian Cormorant,Phalacrocorax fuscicollis,http://www.birding.in/images/Birds/rajiv/indiancormorant_small.jpg,http://www.birding.in/birds/Pelecaniformes/Phalacrocoracidae/indian_cormorant.htm,Pelecaniformes,Phalacrocoracidae,,,0,tiny
Eurasian Spoonbill,Platalea leucorodia,http://www.birding.in/images/Birds/rajiv/spoonbill_small.jpg,http://www.birding.in/birds/Ciconiiformes/Threskiornithidae/eurasian_spoonbill.htm,Ciconiiformes,Threskiornithidae,,,90,large
Rock Pigeon,Columba livia,http://www.birding.in/images/Birds/rajiv/pigeon_small.jpg,http://www.birding.in/birds/Columbiformes/Columbidae/rock_pigeon.htm,Columbiformes,Columbidae,,,34,medium
Sand Lark,Calandrella raytal,http://www.birding.in/images/Birds/rajiv/sandlark_s.jpg,http://www.birding.in/birds/Passeriformes/Alaudidae/indian_short-toed_lark.htm,Passeriformes,Alaudidae,,,12,tiny
Common Sandpiper,Tringa hypoleucos,http://www.birding.in/images/Birds/rajiv/sandpiper_small.jpg,http://www.birding.in/birds/Charadriiformes/Scolopacidae/common_sandpiper.htm,Charadriiformes,Scolopacidae,,,20,small
Laughing Dove,Streptopelia senegalensis,http://www.birding.in/images/Birds/rajiv/laughing_dove_small.jpg,http://www.birding.in/birds/Columbiformes/Columbidae/laughing_dove.htm,Columbiformes,Columbidae,,,27,medium
House Crow,Corvus splendens,http://www.birding.in/images/Birds/rajiv/housecrow_s.jpg,http://www.birding.in/birds/Passeriformes/Corvidae/house_crow.htm,Passeriformes,Corvidae,,,42,medium
Bank Myna,Acridotheres ginginianus,http://www.birding.in/images/Birds/rajiv/bank_myna_small.jpg,http://www.birding.in/birds/Passeriformes/Sturnidae/bank_myna.htm,Passeriformes,Sturnidae,,,23,small
Barn Owl,Tyto alba,http://www.birding.in/images/Birds/rajiv/owl_small.JPG,http://www.birding.in/birds/Strigiformes/Tytonidae/barn_owl.htm,Strigiformes,Tytonidae,,,36,medium
Shikra,Accipiter badius,http://www.birding.in/images/Birds/rajiv/shikra_small2.jpg,http://www.birding.in/birds/Falconiformes/Accipitridae/shikra_2.htm,Falconiformes,Accipitridae,,,0,tiny
Pied Kingfisher,Ceryle rudis,http://www.birding.in/images/Birds/rajiv/pied_kingfisher_s.jpg,http://www.birding.in/birds/Coraciiformes/Cerylidae/pied_kingfisher.htm,Coraciiformes,Cerylidae,,,25,medium
Asian Koel,Eudynamys scolopacea,http://www.birding.in/images/Birds/rajiv/koel_small.jpg,http://www.birding.in/birds/Cuculiformes/Cuculidae/asian_koel.htm,Cuculiformes,Cuculidae,,,43,medium
Slaty-headed Parakeet,Psittacula himalayana,http://www.birding.in/images/Birds/rajiv/slatyheadedparakeet_s.jpg,http://www.birding.in/birds/Psittaciformes/Psittacidae/slaty-headed_parakeet.htm,Psittaciformes,Psittacidae,,,41,medium
Great Bittern,Botaurus stellaris,http://www.birding.in/images/Birds/rajiv/greatbittern_s.jpg,http://www.birding.in/birds/Ciconiiformes/Ardeidae/great_bittern.htm,Ciconiiformes,Ardeidae,,,80,large
Black Drongo,Dicrurus macrocercus,http://www.birding.in/images/Birds/rajiv/black_drongo_s.jpg,http://www.birding.in/birds/Passeriformes/Corvidae/black_drongo.htm,Passeriformes,Corvidae,,,28,medium
Black Bulbul,Hypsipetes leucocephalus,http://www.birding.in/images/Birds/rajiv/blackbulbul_s.jpg,http://www.birding.in/birds/Passeriformes/Pycnonotidae/black_bulbul.htm,Passeriformes,Pycnonotidae,,,25,medium
Ashy Drongo,Dicrurus leucophaeus,http://www.birding.in/images/Birds/rajiv/ashy_drongo_s.jpg,http://www.birding.in/birds/Passeriformes/Corvidae/ashy_drongo.htm,Passeriformes,Corvidae,,,29,medium
Citrine Wagtail,Motacilla citreola,http://www.birding.in/images/Birds/rajiv/citrinewagtail_s.jpg,http://www.birding.in/birds/Passeriformes/Passeridae/yellow-hooded_wagtail.htm,Passeriformes,Passeridae,,,19,small
Green Bee-eater,Merops orientalis,http://www.birding.in/images/Birds/rajiv/beeeater_s.jpg,http://www.birding.in/birds/Coraciiformes/Meropidae/little_green_bee-eater.htm,Coraciiformes,Meropidae,,,17,small
Large-billed Crow,Large-billed Crow,http://www.birding.in/images/Birds/rajiv/lbcrow_s.jpg,http://www.birding.in/birds/Passeriformes/Corvidae/large-billed_crow.htm,Passeriformes,Corvidae,,,59,large
Oriental Magpie Robin,Copsychus saularis,http://www.birding.in/images/Birds/rajiv/magpierobin_small.jpg,http://www.birding.in/birds/Passeriformes/Muscicapidae/oriental_magpie-robin.htm,Passeriformes,Muscicapidae,,,20,small
Horned Lark,Eremophila alpestris,http://www.birding.in/images/Birds/rajiv/hornedlark_small.jpg,http://www.birding.in/birds/Passeriformes/Alaudidae/horned_lark.htm,Passeriformes,Alaudidae,,,18,small
Red-billed Chough,Pyrrhocorax pyrrhocorax,http://www.birding.in/images/Birds/rajiv/rbchough_s.jpg,http://www.birding.in/birds/Passeriformes/Corvidae/red-billed_chough.htm,Passeriformes,Corvidae,,,0,tiny
Purple Sunbird,Nectarinia asiatica,http://www.birding.in/images/Birds/rajiv/sunbird_s.jpg,http://www.birding.in/birds/Passeriformes/Nectariniidae/purple_sunbird2.htm,Passeriformes,Nectariniidae,,,10,tiny
Eurasian Curlew,Numenius arquata,http://www.birding.in/images/Birds/rajiv/eurasiancurlew_s.jpg,http://www.birding.in/birds/Charadriiformes/Scolopacidae/eurasian_curlew.htm,Charadriiformes,Scolopacidae,,,60,large
Rosy Pipit,Anthus roseatus,http://www.birding.in/images/Birds/rajiv/rosypipit_s.jpg,http://www.birding.in/birds/Passeriformes/Passeridae/rosy_pipit.htm,Passeriformes,Passeridae,,,15,small
Robin Accentor,Prunella rubeculoides,http://www.birding.in/images/Birds/rajiv/robinaccentor_s.jpg,http://www.birding.in/birds/Passeriformes/Passeridae/robin_accentor.htm,Passeriformes,Passeridae,,,17,small
White-throated Dipper,Cinclus cinclus,http://www.birding.in/images/Birds/rajiv/wtdipper_s.jpg,http://www.birding.in/birds/Passeriformes/Cinclidae/white-throated_dipper.htm,Passeriformes,Cinclidae,,,20,small
Ibisbill,Ibidorhyncha struthersii,http://www.birding.in/images/Birds/rajiv/ibisbill_s.jpg,http://www.birding.in/birds/Charadriiformes/Charadriidae/ibisbill_2.htm,Charadriiformes,Charadriidae,,,41,medium
Mountain Chiffchaff,Phylloscopus sindianus,http://www.birding.in/images/Birds/rajiv/mchiffchaff_s.jpg,http://www.birding.in/birds/Passeriformes/Sylviidae/Acrocephalinae/mountain_chiffchaff.htm,Passeriformes,Sylviidae,Acrocephalinae,,11,tiny
Black-billed Magpie,Pica pica,http://www.birding.in/images/Birds/rajiv/bbmagpie_s.jpg,http://www.birding.in/birds/Passeriformes/Corvidae/black-billed_magpie2.htm,Passeriformes,Corvidae,,,50,large
Red-vented Bulbul,Pycnonotus cafer,http://www.birding.in/images/Birds/rajiv/redventedbulbul_s.jpg,http://www.birding.in/birds/Passeriformes/Pycnonotidae/red-vented_bulbul.htm,Passeriformes,Pycnonotidae,,,20,small
Red-wattled Lapwing,Vanellus indicus,http://www.birding.in/images/Birds/rajiv/redwattledlapwing_s.jpg,http://www.birding.in/birds/Charadriiformes/Charadriidae/red-wattled_lapwing.htm,Charadriiformes,Charadriidae,,,35,medium
Bluethroat,Luscinia svecica,http://www.birding.in/images/Birds/rajiv/bluethroat_s.jpg,http://www.birding.in/birds/Passeriformes/Muscicapidae/bluethroat.htm,Passeriformes,Muscicapidae,,,15,small
White-breasted Waterhen,Amaurornis phoenicurus,http://www.birding.in/images/Birds/rajiv/wbhen_s.jpg,http://www.birding.in/birds/Gruiformes/Rallidae/white-breasted_waterhen.htm,Gruiformes,Rallidae,,,32,medium
Common Coot,Fulica atra,http://www.birding.in/images/Birds/rajiv/commoncoot_s.jpg,http://www.birding.in/birds/Gruiformes/Rallidae/common_coot.htm,Gruiformes,Rallidae,,,37,medium
Eurasian Hoopoe,Upupa epops,http://www.birding.in/images/Birds/rajiv/hoopoe_s.jpg,http://www.birding.in/birds/Upupiformes/Upupidae/eurasian_hoopoe.htm,Upupiformes,Upupidae,,,30,medium
Sind Sparrow,Passer pyrrhonotus,http://www.birding.in/images/Birds/rajiv/ssparrow_s.jpg,http://www.birding.in/birds/Passeriformes/Passeridae/sind_sparrow.htm,Passeriformes,Passeridae,,,13,tiny
Graceful Prinia,Prinia gracilis,http://www.birding.in/images/Birds/rajiv/gprinia_s.jpg,http://www.birding.in/birds/Passeriformes/Cisticolidae/graceful_prinia.htm,Passeriformes,Cisticolidae,,,11,tiny
Greater Coucal,Centropus sinensis,http://www.birding.in/images/Birds/rajiv/coucal_s.jpg,http://www.birding.in/birds/Cuculiformes/Centropodidae/greater_coucal.htm,Cuculiformes,Centropodidae,,,48,large
Long-tailed Shrike,Lanius schach,http://www.birding.in/images/Birds/rajiv/ltshrike_s.jpg,http://www.birding.in/birds/Passeriformes/Laniidae/long-tailed_shrike.htm,Passeriformes,Laniidae,,,25,medium
White-throated Kingfisher,Halcyon smyrnensis,http://www.birding.in/images/Birds/rajiv/wtfisher_s.jpg,http://www.birding.in/birds/Coraciiformes/Dacelonidae/white-throated_kingfisher.htm,Coraciiformes,Dacelonidae,,,0,tiny
Red Munia,Amandava amandava,http://www.birding.in/images/Birds/rajiv/rmunia_s.jpg,http://www.birding.in/birds/Passeriformes/Passeridae/red_avadavat.htm,Passeriformes,Passeridae,,,10,tiny
Temminck's Stint,Calidris temminckii,http://www.birding.in/images/Birds/rajiv/tstint_s.jpg,http://www.birding.in/birds/Charadriiformes/Scolopacidae/temmincks_stint.htm,Charadriiformes,Scolopacidae,,,14,tiny
Purple Swamphen,Porphyrio porphyrio,http://www.birding.in/images/Birds/rajiv/pshen_s.jpg,http://www.birding.in/birds/Gruiformes/Rallidae/purple_swamphen.htm,Gruiformes,Rallidae,,,48,large
Ruff,Philomachus pugnax,http://www.birding.in/images/Birds/rajiv/ruff_s.jpg,http://www.birding.in/birds/Charadriiformes/Scolopacidae/ruff.htm,Charadriiformes,Scolopacidae,,,25,medium
Lesser Whitethroat,Sylvia curruca,http://www.birding.in/images/Birds/rajiv/lwhitethroat_s.jpg,http://www.birding.in/birds/Passeriformes/Sylviidae/Sylviinae/lesser_whitethroat.htm,Passeriformes,Sylviidae,Sylviinae,,13,tiny
Spot-billed Duck,Anas poecilorhyncha,http://www.birding.in/images/Birds/rajiv/sbduck_s.jpg,http://www.birding.in/birds/Anseriformes/Anatidae/spot-billed_duck.htm,Anseriformes,Anatidae,,,60,large
Indian Robin,Saxicoloides fulicata,http://www.birding.in/images/Birds/rajiv/irobin_s.jpg,http://www.birding.in/birds/Passeriformes/Muscicapidae/indian_robin.htm,Passeriformes,Muscicapidae,,,19,small
Yellow Wagtail,Motacilla flava,http://www.birding.in/images/Birds/rajiv/ywagtail_s.jpg,http://www.birding.in/birds/Passeriformes/Passeridae/yellow_wagtail.htm,Passeriformes,Passeridae,,,18,small
Paddyfield Pipit,Anthus rufulus,http://www.birding.in/images/Birds/rajiv/ppipit_s.jpg,http://www.birding.in/birds/Passeriformes/Passeridae/paddyfield_pipit.htm,Passeriformes,Passeridae,,,15,small
Hoopoe,Upupa epops,http://www.birding.in/images/Birds/rajiv/hoopoecu_s.jpg,http://www.birding.in/birds/Upupiformes/Upupidae/eurasian_hoopoe2.htm,Upupiformes,Upupidae,,,0,tiny
Chestnut-shouldered Petronia,Petronia xanthocollis,http://www.birding.in/images/Birds/rajiv/petronia_s.jpg,http://www.birding.in/birds/Passeriformes/Passeridae/chestnut-shouldered_petronia.htm,Passeriformes,Passeridae,,,14,tiny
White-cheeked Bulbul,Pycnonotus leucotis,http://www.birding.in/images/Birds/rajiv/wc_bulbul_s.jpg,http://www.birding.in/birds/Passeriformes/Pycnonotidae/white-eared_bulbul.htm,Passeriformes,Pycnonotidae,,,20,small
Variable Wheatear,Oenanthe picata,http://www.birding.in/images/Birds/rajiv/vwheatear_s.jpg,http://www.birding.in/birds/Passeriformes/Muscicapidae/variable_wheatear.htm,Passeriformes,Muscicapidae,,,15,small
Cream-colored Courser,Cursorius cursor,http://www.birding.in/images/Birds/rajiv/cccourser_s.jpg,http://www.birding.in/birds/Charadriiformes/Glareolidae/cream-colored_courser.htm,Charadriiformes,Glareolidae,,,24,small
Long-legged Buzzard,Buteo rufinus,http://www.birding.in/images/Birds/rajiv/llbuzzard_s.jpg,http://www.birding.in/birds/Falconiformes/Accipitridae/long-legged_buzzard.htm,Falconiformes,Accipitridae,,,60,large
Cinereous Vulture,Aegypius monachus,http://www.birding.in/images/Birds/rajiv/cvulture_s.jpg,http://www.birding.in/birds/Falconiformes/Accipitridae/cinereous_vulture.htm,Falconiformes,Accipitridae,,,110,large
Black Redstart,Phoenicurus ochruros,http://www.birding.in/images/Birds/rajiv/redstart_s.jpg,http://www.birding.in/birds/Passeriformes/Muscicapidae/black_redstart_female.htm,Passeriformes,Muscicapidae,,,15,small
Laggar Falcon,Falco jugger,http://www.birding.in/images/Birds/rajiv/lfalcon_s.jpg,http://www.birding.in/birds/Falconiformes/Falconidae/laggar_falcon.htm,Falconiformes,Falconidae,,,45,large
Streak-throated Woodpecker,Picus xanthopygaeus,http://www.birding.in/images/Birds/rajiv/stwoodpecker_s.jpg,http://www.birding.in/birds/Piciformes/Picidae/streak-throated_woodpecker.htm,Piciformes,Picidae,,,30,medium
Brown Shrike,Lanius cristatus,http://www.birding.in/images/Birds/rajiv/bshrike_s.jpg,http://www.birding.in/birds/Passeriformes/Laniidae/brown_shrike.htm,Passeriformes,Laniidae,,,19,small
Indian Silverbill,Lonchura malabarica,http://www.birding.in/images/Birds/rajiv/sbill_s.jpg,http://www.birding.in/birds/Passeriformes/Passeridae/white-throated_silverbill.htm,Passeriformes,Passeridae,,,11,tiny
Southern Grey Shrike,Lanius meridionalis,http://www.birding.in/images/Birds/rajiv/greyshrike_s.jpg,http://www.birding.in/birds/Passeriformes/Laniidae/southern_grey_shrike.htm,Passeriformes,Laniidae,,,24,small
Purple Sunbird,Nectarinia asiatica,http://www.birding.in/images/Birds/rajiv/psunbird_s.jpg,http://www.birding.in/birds/Passeriformes/Nectariniidae/purple_sunbird.htm,Passeriformes,Nectariniidae,,,10,tiny
Black-tailed Godwit,Limosa limosa,http://www.birding.in/images/Birds/rajiv/btgodwit_s.jpg,http://www.birding.in/birds/Charadriiformes/Scolopacidae/black-tailed_godwit.htm,Charadriiformes,Scolopacidae,,,44,medium
Desert Wheatear,Oenanthe deserti,http://www.birding.in/images/Birds/rajiv/dwheatear_s.jpg,http://www.birding.in/birds/Passeriformes/Muscicapidae/desert_wheatear.htm,Passeriformes,Muscicapidae,,,15,small
Rufous-tailed Wheatear,Oenanthe xanthoprymna,http://www.birding.in/images/Birds/rajiv/rtwheatear_s.jpg,http://www.birding.in/birds/Passeriformes/Muscicapidae/rufous-tailed_wheatear.htm,Passeriformes,Muscicapidae,,,15,small
Common Babbler,Turdoides caudatus,http://www.birding.in/images/Birds/rajiv/cbabbler_s.jpg,http://www.birding.in/birds/Passeriformes/Sylviidae/Timaliinae/common_babbler.htm,Passeriformes,Sylviidae,Timaliinae,,23,small
Desert Warbler,Sylvia nana,http://www.birding.in/images/Birds/rajiv/dwarbler_s.jpg,http://www.birding.in/birds/Passeriformes/Sylviidae/Sylviinae/desert_warbler.htm,Passeriformes,Sylviidae,Sylviinae,,12,tiny
Indian Roller,Coracias benghalensis,http://www.birding.in/images/Birds/rajiv/indianroller_s.jpg,http://www.birding.in/birds/Coraciiformes/Coraciidae/indian_roller.htm,Coraciiformes,Coraciidae,,,33,medium
Long-billed Vulture,Gyps indicus,http://www.birding.in/images/Birds/rajiv/lbvulture_s.jpg,http://www.birding.in/birds/Falconiformes/Accipitridae/longbilled_vulture.htm,Falconiformes,Accipitridae,,,90,large
Red-headed Vulture,Sarcogyps calvus,http://www.birding.in/images/Birds/rajiv/rhvulture_s.jpg,http://www.birding.in/birds/Falconiformes/Accipitridae/red-headed_vulture.htm,Falconiformes,Accipitridae,,,85,large
Egyptian Vulture,Neophron percnopterus,http://www.birding.in/images/Birds/rajiv/evulture_s.jpg,http://www.birding.in/birds/Falconiformes/Accipitridae/egyptian_vulture2.htm,Falconiformes,Accipitridae,,,70,large
Swamp Francolin,Francolinus gularis,http://www.birding.in/images/Birds/rajiv/sfrancolin_s.jpg,http://www.birding.in/birds/Galliformes/swamp_francolin.htm,Galliformes,,,,37,medium
Black Stork,Ciconia nigra,http://www.birding.in/images/Birds/rajiv/blackstork_s.jpg,http://www.birding.in/birds/Ciconiiformes/Ciconiidae/black_stork.htm,Ciconiiformes,Ciconiidae,,,100,large
Black-throated Accentor,Prunella atrogularis,http://www.birding.in/images/Birds/rajiv/btaccentor_s.jpg,http://www.birding.in/birds/Passeriformes/Passeridae/black-throated_accentor.htm,Passeriformes,Passeridae,,,15,small
Dark-throated Thrush,Turdus ruficollis,http://www.birding.in/images/Birds/rajiv/dtthrush_s.jpg,http://www.birding.in/birds/Passeriformes/Muscicapidae/dark-throated_thrush.htm,Passeriformes,Muscicapidae,,,25,medium
Oriental Pied Hornbill,Anthracoceros albirostris,http://www.birding.in/images/Birds/rajiv/piedhornbill_s.jpg,http://www.birding.in/birds/Bucerotiformes/oriental_pied-hornbill.htm,Bucerotiformes,,,,90,large
Grey Bushchat (female),Saxicola ferrea,http://www.birding.in/images/Birds/rajiv/greybushchatf_s.jpg,http://www.birding.in/birds/Passeriformes/Muscicapidae/grey_bushchat_female.htm,Passeriformes,Muscicapidae,,,15,small
Spotted Owlet,Athene brama,http://www.birding.in/images/Birds/rajiv/sowlet_s.jpg,http://www.birding.in/birds/Strigiformes/Strigidae/spotted_owlet.htm,Strigiformes,Strigidae,,,21,small
River Tern,Sterna aurantia,http://www.birding.in/images/Birds/rajiv/rivertern_s.jpg,http://www.birding.in/birds/Charadriiformes/Laridae/river_tern.htm,Charadriiformes,Laridae,,,45,large
Short-toed Snake Eagle,Circaetus gallicus,http://www.birding.in/images/Birds/rajiv/sseagle_s.jpg,http://www.birding.in/birds/Falconiformes/Accipitridae/short-toed_snake_eagle.htm,Falconiformes,Accipitridae,,,67,large
Jungle Prinia,Prinia sylvatica,http://www.birding.in/images/Birds/rajiv/jungleprinia_s.jpg,http://www.birding.in/birds/Passeriformes/Cisticolidae/jungle_prinia.htm,Passeriformes,Cisticolidae,,,13,tiny
Gold-billed Magpie,Urocissa flavirostris,http://www.birding.in/images/Birds/rajiv/ybmagpie_s.jpg,http://www.birding.in/birds/Passeriformes/Corvidae/gold-billed_magpie.htm,Passeriformes,Corvidae,,,66,large
Blue Whistling Thrush,Myiophonus caeruleus,http://www.birding.in/images/Birds/rajiv/bwthrush_s.jpg,http://www.birding.in/birds/Passeriformes/Muscicapidae/blue_whistling-thrush.htm,Passeriformes,Muscicapidae,,,33,medium
Himalayan Bulbul,Pycnonotus leucogenys,http://www.birding.in/images/Birds/rajiv/himbulbul_s.jpg,http://www.birding.in/birds/Passeriformes/Pycnonotidae/himalayan_bulbul.htm,Passeriformes,Pycnonotidae,,,20,small
Grey-hooded Warbler,Seicercus xanthoschistos,http://www.birding.in/images/Birds/rajiv/ghwarbler_s.jpg,http://www.birding.in/birds/Passeriformes/Sylviidae/Acrocephalinae/grey-hooded_warbler.htm,Passeriformes,Sylviidae,Acrocephalinae,,10,tiny
Long-billed Pipit,Anthus similis,http://www.birding.in/images/Birds/rajiv/lbpipit_s.jpg,http://www.birding.in/birds/Passeriformes/Passeridae/long-billed_pipit.htm,Passeriformes,Passeridae,,,20,small
Small Pratincole,Glareola lactea,http://www.birding.in/images/Birds/rajiv/spratincole_s.jpg,http://www.birding.in/birds/Charadriiformes/Glareolidae/small_pratincole.htm,Charadriiformes,Glareolidae,,,18,small
White-capped Water Redstart,Chaimarrornis leucocephalus,http://www.birding.in/images/Birds/rajiv/wcredstart_s.jpg,http://www.birding.in/birds/Passeriformes/Muscicapidae/white-capped_water-redstart.htm,Passeriformes,Muscicapidae,,,19,small
Plum-headed Parakeet,Psittacula cyanocephala,http://www.birding.in/images/Birds/rajiv/pparakeet_s.jpg,http://www.birding.in/birds/Psittaciformes/Psittacidae/plum-headed_parakeet.htm,Psittaciformes,Psittacidae,,,36,medium
Blue-throated Barbet,Megalaima asiatica,http://www.birding.in/images/Birds/rajiv/btbarbet_s.jpg,http://www.birding.in/birds/Piciformes/Megalaimidae/blue-throated_barbet.htm,Piciformes,Megalaimidae,,,23,small
White-throated Fantail,Rhipidura albicollis,http://www.birding.in/images/Birds/rajiv/wtfantail_s.jpg,http://www.birding.in/birds/Passeriformes/Corvidae/white-throated_fantail.htm,Passeriformes,Corvidae,,,19,small
error getting bird 500 read timeoutBlack-throated Tit,Aegithalos concinnus,http://www.birding.in/images/Birds/rajiv/bttit_s.jpg,http://www.birding.in/birds/Passeriformes/Aegithalidae/black-throated_tit.htm,Passeriformes,Aegithalidae,,,0,tiny
Winter Wren,Troglodytes troglodytes,http://www.birding.in/images/Birds/rajiv/winterwren_s.jpg,http://www.birding.in/birds/Passeriformes/Certhidae/winter_wren.htm,Passeriformes,Certhidae,,,9,tiny
Rufous-breasted Accentor,Prunella strophiata,http://www.birding.in/images/Birds/rajiv/rbaccentor_s.jpg,http://www.birding.in/birds/Passeriformes/Passeridae/rufous-breasted_accentor.htm,Passeriformes,Passeridae,,,15,small
Spotted Forktail,Enicurus maculatus,http://www.birding.in/images/Birds/rajiv/forktail_s.jpg,http://www.birding.in/birds/Passeriformes/Muscicapidae/spotted_forktail.htm,Passeriformes,Muscicapidae,,,28,medium
Bar-headed Goose,Anser indicus,http://www.birding.in/images/Birds/rajiv/bhgoose_s.jpg,http://www.birding.in/birds/Anseriformes/Anatidae/bar-headed_goose.htm,Anseriformes,Anatidae,,,74,large
Brown-headed Barbet,Megalaima zeylanica,http://www.birding.in/images/Birds/rajiv/bbarbet_s.jpg,http://www.birding.in/birds/Piciformes/Megalaimidae/brown-headed_barbet2.htm,Piciformes,Megalaimidae,,,0,tiny
Red-whiskered Bulbul,Pycnonotus jocosus,http://www.birding.in/images/Birds/rajiv/rwbulbul_s.jpg,http://www.birding.in/birds/Passeriformes/Pycnonotidae/red-whiskered_bulbul.htm,Passeriformes,Pycnonotidae,,,20,small
Common Starling,Sturnus vulgaris,http://www.birding.in/images/Birds/rajiv/starling_s.jpg,http://www.birding.in/birds/Passeriformes/Sturnidae/common_starling.htm,Passeriformes,Sturnidae,,,21,small
Rufous Sibia,Heterophasia capistrata,http://www.birding.in/images/Birds/rajiv/rsibia_s.jpg,http://www.birding.in/birds/Passeriformes/Sylviidae/Timaliinae/rufous_sibia2.htm,Passeriformes,Sylviidae,Timaliinae,,0,tiny
error getting bird 500 read timeoutYellow-footed Green Pigeon,Treron phoenicoptera,http://www.birding.in/images/Birds/rajiv/yfgpigeon_s.jpg,http://www.birding.in/birds/Columbiformes/Columbidae/yellow-footed_green-pigeon.htm,Columbiformes,Columbidae,,,0,tiny
Little Egret,Egretta garzetta,http://www.birding.in/images/Birds/rajiv/legret_s.jpg,http://www.birding.in/birds/Ciconiiformes/Ardeidae/little_egret.htm,Ciconiiformes,Ardeidae,,,64,large
error getting bird 500 read timeoutYellow-wattled Lapwing,Vanellus malabaricus,http://www.birding.in/images/Birds/rajiv/ywlapwing_s.jpg,http://www.birding.in/birds/Charadriiformes/Charadriidae/yellow-wattled_lapwing.htm,Charadriiformes,Charadriidae,,,0,tiny
Painted Stork,Mycteria leucocephala,http://www.birding.in/images/Birds/rajiv/paintedstork_s.jpg,http://www.birding.in/birds/Ciconiiformes/Ciconiidae/painted_stork.htm,Ciconiiformes,Ciconiidae,,,100,large
Crested Lark,Galerida cristata,http://www.birding.in/images/Birds/rajiv/crestedlark_s.jpg,http://www.birding.in/birds/Passeriformes/Alaudidae/crested_lark.htm,Passeriformes,Alaudidae,,,18,small
error getting bird 500 read timeoutCommon Redshank,Tringa totanus,http://www.birding.in/images/Birds/rajiv/redshank_s.jpg,http://www.birding.in/birds/Charadriiformes/Scolopacidae/common_redshank.htm,Charadriiformes,Scolopacidae,,,0,tiny
Black Ibis,Pseudibis papillosa,http://www.birding.in/images/Birds/rajiv/blackibis_s.jpg,http://www.birding.in/birds/Ciconiiformes/Threskiornithidae/red-naped_ibis.htm,Ciconiiformes,Threskiornithidae,,,68,large
Indian Lark,Mirafra erythroptera,http://www.birding.in/images/Birds/rajiv/indianbushlark_s.jpg,http://www.birding.in/birds/Passeriformes/Alaudidae/indian_lark.htm,Passeriformes,Alaudidae,,,14,tiny
Brown Dipper,Cinclus pallasii,http://www.birding.in/images/Birds/rajiv/browndipper_s.jpg,http://www.birding.in/birds/Passeriformes/Cinclidae/brown_dipper.htm,Passeriformes,Cinclidae,,,20,small
error getting bird 500 read timeoutChestnut-bellied Nuthatch,Sitta castanea,http://www.birding.in/images/Birds/rajiv/cbnuthatch_s.jpg,http://www.birding.in/birds/Passeriformes/Sittidae/chestnut-bellied_nuthatch.htm,Passeriformes,Sittidae,,,0,tiny
Rufous-chinned Laughingthrush,Garrulax rufogularis,http://www.birding.in/images/Birds/rajiv/rclaughingthrush_b.jpg,http://www.birding.in/birds/Passeriformes/Sylviidae/Garrulacinae/rufous-chinned_laughingthrush.htm,Passeriformes,Sylviidae,Garrulacinae,,22,small
Red-rumped Swallow,Hirundo daurica,http://www.birding.in/images/Birds/rajiv/rrswallow_s.jpg,http://www.birding.in/birds/Passeriformes/Hirundinidae/red-rumped_swallow.htm,Passeriformes,Hirundinidae,,,17,small
Chestnut-headed Tesia,Tesia castaneocoronata,http://www.birding.in/images/Birds/rajiv/chtesia_s.jpg,http://www.birding.in/birds/Passeriformes/Sylviidae/Acrocephalinae/chestnut-headed_tesia.htm,Passeriformes,Sylviidae,Acrocephalinae,,8,tiny
White-throated Laughingthrush,Garrulax albogularis,http://www.birding.in/images/Birds/rajiv/wtlthrush_ss.jpg,http://www.birding.in/birds/Passeriformes/Sylviidae/Garrulacinae/white-throated_laughingthrush.htm,Passeriformes,Sylviidae,Garrulacinae,,28,medium
Grey-headed Woodpecker,Picus canus,http://www.birding.in/images/Birds/rajiv/ghwoodpecker_s.jpg,http://www.birding.in/birds/Piciformes/Picidae/grey-faced_woodpecker.htm,Piciformes,Picidae,,,32,medium
Chestnut-headed Bee-Eater,Merops leschenaulti,http://www.birding.in/images/Birds/rajiv/chbe_s.jpg,http://www.birding.in/birds/Coraciiformes/Meropidae/chestnut-headed_bee-eater.htm,Coraciiformes,Meropidae,,,19,small
Bar-winged Flycatcher Shrike,Hemipus picatus,http://www.birding.in/images/Birds/rajiv/flycatchershrike_s.jpg,http://www.birding.in/birds/Passeriformes/Corvidae/bar-winged_flycatcher-shrike.htm,Passeriformes,Corvidae,,,15,small
Snow Partridge,Lerwa lerwa,http://www.birding.in/images/Birds/rajiv/snowpartridge_s.jpg,http://www.birding.in/birds/Galliformes/snow_partridge.htm,Galliformes,,,,37,medium
Mountain Hawk Eagle,Spizaetus nipalensis,http://www.birding.in/images/Birds/rajiv/mhawkeagle_s.jpg,http://www.birding.in/birds/Falconiformes/Accipitridae/mountain_hawk-eagle.htm,Falconiformes,Accipitridae,,,72,large
Himalayan Woodpecker,Dendrocopos himalayensis,http://www.birding.in/images/Birds/rajiv/hwoodpecker_s.jpg,http://www.birding.in/birds/Piciformes/Picidae/himalayan_woodpecker.htm,Piciformes,Picidae,,,24,small
Rusty-flanked Treecreeper,Certhia nipalensis,http://www.birding.in/images/Birds/rajiv/rftreecreeper_s.jpg,http://www.birding.in/birds/Passeriformes/Certhidae/rusty-flanked_tree-creeper.htm,Passeriformes,Certhidae,,,12,tiny
Chestnut-shouldered Petronia,Petronia xanthocollis (male),http://www.birding.in/images/Birds/rajiv/cpetronia_s.jpg,http://www.birding.in/birds/Passeriformes/Passeridae/chestnut-shouldered_petronia2.htm,Passeriformes,Passeridae,,,0,tiny
Chestnut-bellied Nuthatch,Sitta castanea,http://www.birding.in/images/Birds/rajiv/cbnuthatchs.jpg,http://www.birding.in/birds/Passeriformes/Sittidae/chestnut-bellied_nuthatch2.htm,Passeriformes,Sittidae,,,0,tiny
Beautiful Rosefinch,Carpodacus pulcherrimus,http://www.birding.in/images/Birds/rajiv/beautifulrosefinch_s.jpg,http://www.birding.in/birds/Passeriformes/Fringillidae/beautiful_rosefinch2.htm,Passeriformes,Fringillidae,,,0,tiny
Rock Bunting,Emberiza cia,http://www.birding.in/images/Birds/rajiv/rockbunting_s.jpg,http://www.birding.in/birds/Passeriformes/Fringillidae/rock_bunting.htm,Passeriformes,Fringillidae,,,16,small
error getting bird 500 read timeoutEurasian Cuckoo,Cuculus canorus,http://www.birding.in/images/Birds/rajiv/eurasiancuckoo_s.jpg,http://www.birding.in/birds/Cuculiformes/Cuculidae/common_cuckoo.htm,Cuculiformes,Cuculidae,,,0,tiny
Whiskered Yuhina,Yuhina flavicollis,http://www.birding.in/images/Birds/rajiv/whiskeredyuhina_s.jpg,http://www.birding.in/birds/Passeriformes/Sylviidae/Timaliinae/whiskered_yuhina.htm,Passeriformes,Sylviidae,Timaliinae,,13,tiny
error getting bird 500 read timeoutScaly-bellied Woodpecker,Picus squamatus,http://www.birding.in/images/Birds/rajiv/sbwoodpecker_s.jpg,http://www.birding.in/birds/Piciformes/Picidae/scaly-bellied_woodpecker.htm,Piciformes,Picidae,,,0,tiny
Fire-fronted Serin,Serinus pusillus,http://www.birding.in/images/Birds/rajiv/firefrontedserin_s.jpg,http://www.birding.in/birds/Passeriformes/Fringillidae/fire-fronted_serin.htm,Passeriformes,Fringillidae,,,12,tiny
Blue-capped Redstart,Phoenicurus caeruleocephalus,http://www.birding.in/images/Birds/rajiv/bcredstart_s.jpg,http://www.birding.in/birds/Passeriformes/Muscicapidae/blue-capped_redstart.htm,Passeriformes,Muscicapidae,,,15,small
White-capped Bunting,Emberiza stewarti,http://www.birding.in/images/Birds/rajiv/wcbunting_s.jpg,http://www.birding.in/birds/Passeriformes/Fringillidae/chestnut-breasted_bunting.htm,Passeriformes,Fringillidae,,,15,small
Western Crowned Warbler,Phylloscopus occipitalis,http://www.birding.in/images/Birds/rajiv/wcwarbler_s.jpg,http://www.birding.in/birds/Passeriformes/Sylviidae/Acrocephalinae/western_crowned-warbler.htm,Passeriformes,Sylviidae,Acrocephalinae,,11,tiny
Blue Rock Thrush,Monticola solitarius,http://www.birding.in/images/Birds/rajiv/brthrush_s.jpg,http://www.birding.in/birds/Passeriformes/Muscicapidae/blue_rock-thrush.htm,Passeriformes,Muscicapidae,,,20,small
error getting bird 500 read timeoutPied Wheatear,Oenanthe pleschanka,http://www.birding.in/images/Birds/rajiv/piedwheatear_.jpg,http://www.birding.in/birds/Passeriformes/Muscicapidae/pied_wheatear.htm,Passeriformes,Muscicapidae,,,0,tiny
Tickell's Leaf Warbler,Phylloscopus affinis,http://www.birding.in/images/Birds/rajiv/leafwarbler_s.jpg,http://www.birding.in/birds/Passeriformes/Sylviidae/Acrocephalinae/tickells_leaf-warbler.htm,Passeriformes,Sylviidae,Acrocephalinae,,11,tiny
Russet Sparrow,Passer rutilans,http://www.birding.in/images/Birds/rajiv/rsparrow_s.jpg,http://www.birding.in/birds/Passeriformes/Passeridae/russet_sparrow.htm,Passeriformes,Passeridae,,,15,small
Streaked Weaver,Ploceus manyar,http://www.birding.in/images/Birds/rajiv/streakedweaver_s.jpg,http://www.birding.in/birds/Passeriformes/Passeridae/streaked_weaver.htm,Passeriformes,Passeridae,,,14,tiny
Plain Prinia,Prinia inornata,http://www.birding.in/images/Birds/rajiv/plainprinia_s.jpg,http://www.birding.in/birds/Passeriformes/Cisticolidae/plain_prinia.htm,Passeriformes,Cisticolidae,,,13,tiny
Gray-winged Blackbird,Turdus boulboul,http://www.birding.in/images/Birds/rajiv/gwblackbird_s.jpg,http://www.birding.in/birds/Passeriformes/Muscicapidae/grey-winged_blackbird.htm,Passeriformes,Muscicapidae,,,28,medium
Barn Swallow,Hirundo rustica,http://www.birding.in/images/Birds/rajiv/bswallow_s.jpg,http://www.birding.in/birds/Passeriformes/Hirundinidae/barn_swallow.htm,Passeriformes,Hirundinidae,,,18,small
Rufous-bellied Woodpecker,Dendrocopos hyperythrus,http://www.birding.in/images/Birds/rajiv/rbwoodpecker_s.jpg,http://www.birding.in/birds/Piciformes/Picidae/rufous-bellied_woodpecker.htm,Piciformes,Picidae,,,20,small
Eurasian Jay,Garrulus glandarius,http://www.birding.in/images/Birds/rajiv/eurasianjay_s.jpg,http://www.birding.in/birds/Passeriformes/Corvidae/eurasian_jay.htm,Passeriformes,Corvidae,,,36,medium
Chestnut-bellied Rock Thrush,Monticola rufiventris,http://www.birding.in/images/Birds/rajiv/cbrthrush_s.jpg,http://www.birding.in/birds/Passeriformes/Muscicapidae/chestnut-bellied_rock-thrush.htm,Passeriformes,Muscicapidae,,,23,small
Crested Bunting,Melophus lathami,http://www.birding.in/images/Birds/rajiv/cbunting_s.jpg,http://www.birding.in/birds/Passeriformes/Fringillidae/crested_bunting.htm,Passeriformes,Fringillidae,,,17,small
Bar-tailed Treecreeper,Certhia himalayana,http://www.birding.in/images/Birds/rajiv/bttreecreeper_s.jpg,http://www.birding.in/birds/Passeriformes/Certhidae/bar-tailed_tree-creeper.htm,Passeriformes,Certhidae,,,12,tiny
Kashmir Nuthatch,Sitta cashmirensis,http://www.birding.in/images/Birds/rajiv/kashmirnuthatch_s.jpg,http://www.birding.in/birds/Passeriformes/Sittidae/kashmir_nuthatch.htm,Passeriformes,Sittidae,,,12,tiny
Green-backed Tit,Parus monticolus,http://www.birding.in/images/Birds/rajiv/gbtit_s.jpg,http://www.birding.in/birds/Passeriformes/Paridae/green-backed_tit.htm,Passeriformes,Paridae,,,13,tiny
Indian Courser,Cursorius coromandelicus,http://www.birding.in/images/Birds/rajiv/indiancourser_s.jpg,http://www.birding.in/birds/Charadriiformes/Glareolidae/indian_courser.htm,Charadriiformes,Glareolidae,,,23,small
Isabelline Wheatear,Oenanthe isabellina,http://www.birding.in/images/Birds/rajiv/iwheatear_s.jpg,http://www.birding.in/birds/Passeriformes/Muscicapidae/isabelline_wheatear.htm,Passeriformes,Muscicapidae,,,17,small
Chestnut-bellied Sandgrouse,Pterocles exustus,http://www.birding.in/images/Birds/rajiv/cbsandgrouse_s.jpg,http://www.birding.in/birds/Pteroclidiformes/Pteroclididae/chestnut-bellied_sandgrouse.htm,Pteroclidiformes,Pteroclididae,,,33,medium
Little-ringed Plover,Charadrius dubius,http://www.birding.in/images/Birds/rajiv/lrplover_s.jpg,http://www.birding.in/birds/Charadriiformes/Charadriidae/little_ringed_plover.htm,Charadriiformes,Charadriidae,,,17,small
Rosy Starling,Sturnus roseus,http://www.birding.in/images/Birds/rajiv/rosystarling_s.jpg,http://www.birding.in/birds/Passeriformes/Sturnidae/rosy_starling.htm,Passeriformes,Sturnidae,,,21,small
Eurasian-collared Dove,Streptopelia decaocto,http://www.birding.in/images/Birds/rajiv/ecdove_s.jpg,http://www.birding.in/birds/Columbiformes/Columbidae/eurasian_collared_dove.htm,Columbiformes,Columbidae,,,32,medium
Greater Short-toed Lark,Calandrella brachydactyla,http://www.birding.in/images/Birds/rajiv/gstlark_s.jpg,http://www.birding.in/birds/Passeriformes/Alaudidae/greater_short-toed_lark.htm,Passeriformes,Alaudidae,,,14,tiny
Greater Short-toed Lark,Calandrella brachydactyla,http://www.birding.in/images/Birds/rajiv/gstlark1_s.jpg,http://www.birding.in/birds/Passeriformes/Alaudidae/greatershorttoedlark.htm,Passeriformes,Alaudidae,,,0,tiny
Shikra,Accipiter badius,http://www.birding.in/images/Birds/rajiv/shikra_small.jpg,http://www.birding.in/birds/Falconiformes/Accipitridae/shikra.htm,Falconiformes,Accipitridae,,,36,medium
Brown-headed Barbet,Megalaima zeylanica,http://www.birding.in/images/Birds/rajiv/bhbarbet_small.jpg,http://www.birding.in/birds/Piciformes/Megalaimidae/brown-headed_barbet.htm,Piciformes,Megalaimidae,,,27,medium
Tibetan Snowcock,Tetraogallus tibetanus,http://www.birding.in/images/Birds/rajiv/tibetansnowcock_small.jpg,http://www.birding.in/birds/Galliformes/tibetan_snowcock.htm,Galliformes,,,,51,large
Great Barbet,Megalaima virens,http://www.birding.in/images/Birds/rajiv/gbarbet_small.jpg,http://www.birding.in/birds/Piciformes/Megalaimidae/great_barbet.htm,Piciformes,Megalaimidae,,,33,medium
Himalayan Snowcock,Tetraogallus himalayensis,http://www.birding.in/images/Birds/rajiv/himalayansnowcock_s.jpg,http://www.birding.in/birds/Galliformes/himalayan_snowcock.htm,Galliformes,,,,70,large
Common Tailorbird,Orthotomus sutorius,http://www.birding.in/images/Birds/rajiv/ctailorbird_small.jpg,http://www.birding.in/birds/Passeriformes/Sylviidae/Acrocephalinae/common_tailorbird.htm,Passeriformes,Sylviidae,Acrocephalinae,,13,tiny
error getting bird 500 read timeoutStreaked Laughingthrush,Garrulax lineatus,http://www.birding.in/images/Birds/rajiv/slthrush.jpg,http://www.birding.in/birds/Passeriformes/Sylviidae/Garrulacinae/streaked_laughingthrush.htm,Passeriformes,Sylviidae,Garrulacinae,,0,tiny
Grey-headed Canary Flycatcher,Culicicapa ceylonensis,http://www.birding.in/images/Birds/rajiv/ghcflycatcher_small.jpg,http://www.birding.in/birds/Passeriformes/Muscicapidae/grey-headed_canary-flycatcher.htm,Passeriformes,Muscicapidae,,,13,tiny
Jungle Myna,Acridotheres fuscus,http://www.birding.in/images/Birds/rajiv/jmyna_small.jpg,http://www.birding.in/birds/Passeriformes/Sturnidae/jungle_myna.htm,Passeriformes,Sturnidae,,,23,small
Jungle Babbler,Turdoides striatus,http://www.birding.in/images/Birds/rajiv/junglebabbler_s.jpg,http://www.birding.in/birds/Passeriformes/Sylviidae/Timaliinae/jungle_babbler.htm,Passeriformes,Sylviidae,Timaliinae,,25,medium
Common Myna,Acridotheres tristis,http://www.birding.in/images/Birds/rajiv/cmyna_small.jpg,http://www.birding.in/birds/Passeriformes/Sturnidae/common_myna.htm,Passeriformes,Sturnidae,,,0,tiny
Oriental White-eye,Zosterops palpebrosus,http://www.birding.in/images/Birds/rajiv/weye_s.jpg,http://www.birding.in/birds/Passeriformes/Zosteropidae/oriental_white_eye.htm,Passeriformes,Zosteropidae,,,10,tiny
Gray Bushchat,Saxicola ferrea,http://www.birding.in/images/Birds/rajiv/gbushchat_s.jpg,http://www.birding.in/birds/Passeriformes/Muscicapidae/grey_bushchat.htm,Passeriformes,Muscicapidae,,,15,small
Common Stonechat,Saxicola maura,http://www.birding.in/images/Birds/rajiv/stonechat_s.jpg,http://www.birding.in/birds/Passeriformes/Muscicapidae/siberian_stonechat.htm,Passeriformes,Muscicapidae,,,13,tiny
Large Grey Babbler,Turdoides malcolmi,http://www.birding.in/images/Birds/rajiv/babbler_small.jpg,http://www.birding.in/birds/Passeriformes/Sylviidae/Timaliinae/large_grey_babbler.htm,Passeriformes,Sylviidae,Timaliinae,,28,medium
error getting bird 500 read timeoutCommon Snipe,Gallinago gallinago,http://www.birding.in/images/Birds/rajiv/csnipe_small.jpg,http://www.birding.in/birds/Charadriiformes/Scolopacidae/common_snipe.htm,Charadriiformes,Scolopacidae,,,0,tiny
error getting bird 500 read timeoutIndian Pond Heron,Ardeola grayii,http://www.birding.in/images/Birds/rajiv/pondheron_s.jpg,http://www.birding.in/birds/Ciconiiformes/Ardeidae/pond_heron.htm,Ciconiiformes,Ardeidae,,,0,tiny
Little Cormorant,Phalacrocorax niger,http://www.birding.in/images/Birds/rajiv/lcormorant_small.jpg,http://www.birding.in/birds/Pelecaniformes/Phalacrocoracidae/little_cormorant.htm,Pelecaniformes,Phalacrocoracidae,,,51,large
Black-headed Ibis,Threskiornis melanocephalus,http://www.birding.in/images/Birds/rajiv/bhibis_small.jpg,http://www.birding.in/birds/Ciconiiformes/Threskiornithidae/black-headed_ibis.htm,Ciconiiformes,Threskiornithidae,,,75,large
Indian Chat,Cercomela fusca,http://www.birding.in/images/Birds/rajiv/ichat_small.jpg,http://www.birding.in/birds/Passeriformes/Muscicapidae/indian_chat.htm,Passeriformes,Muscicapidae,,,17,small
